AbsImgPulse_duration,COILS_Temp,FluoAnalyser,FluoAnalyser,FluoAnalyser,FluoAnalyser,FluoAnalyser,FluoAnalyser,FluoAnalyser,FluoAnalyser,FluoAnalyser,FluoAnalyser,FluoAnalyser,FluoAnalyser,FluoAnalyser,FluoAnalyser,FluoAnalyser,FluoAnalyser,FluoCoolingPulsing,FluoImaging_duration,FluoImgCooling_Dt,FluoImgPulse_Dt,Free_Frq,Free_Pow,ImagingFluo_Frq,ImagingFluo_Pow,ImagingTweez_Frq,ImagingTweez_Pow,Imaging_Frq,Imaging_Pow,LAC,LAC_Frq,LAC_Pow,LAC_duration,MOT_RED_SF_duration,MOT_RED_duration,MultiRed_central,Objective_distance,Orca_Camera,Orca_Camera,Orca_Camera,Orca_Camera,Orca_Camera,Orca_Camera,Orca_Camera,Orca_Camera,Orca_Camera,Orca_Camera,Orca_Camera,Orca_Camera,Orca_Camera,Orca_Camera,Orca_Camera,Orca_Camera,Orca_Camera,Orca_Camera,Orca_Camera,Orca_Camera,Orca_Camera,Orca_Camera,Orca_Camera,Orca_Camera,Orca_Camera,Orca_Camera,Orca_Camera,Orca_Camera,Orca_Camera,Orca_Camera,Orca_Camera,Orca_Camera,Orca_Camera,Orca_Camera,Orca_Camera,Orca_Camera,Orca_Camera,Orca_Camera,Orca_Camera,Orca_Camera,Orca_Camera,Orca_Camera,Orca_Camera,Orca_Camera,Orca_Camera,Orca_Camera,Orca_Camera,Orca_Camera,Orca_Camera,Orca_Camera,Orca_Camera,Orca_Camera,Orca_Camera,Orca_Camera,Orca_Camera,Orca_Camera,Orca_Camera,Orca_Camera,Orca_Camera,Orca_Camera,Orca_Camera,Orca_Camera,Orca_Camera,Orca_Camera,Orca_Camera,Orca_Camera,Orca_Camera,Orca_Camera,Orca_Camera,Orca_Camera,Orca_Camera,Orca_Camera,Orca_Camera,Orca_Camera,Orca_Camera,Orca_Camera,Orca_Camera,Orca_Camera,Orca_Camera,Orca_Camera,Orca_Camera,Orca_Camera,Orca_Camera,Orca_ROI,QuantizAxis_X_Coils_Current,QuantizAxis_Y_Coils_Current,QuantizAxis_Z_Coils_Current,QuantizAxis_ramp_duration,QuantumAxis,Red_MOT_Frq,Red_MOT_Pow,Red_Multi_Freqdev,ShieldMulti,ShieldSingle,SisyphusImg_Frq,Sisyphus_Frq,Sisyphus_Pow,TOF,Tube_lens_position,TweezerCooling_duration,TweezerLoading_duration,TwoD_DELAY,X_Coils_Current,Y_Coils_Current,Z_Coils_Current,Z_Coils_Current_moved,Zeeman_Power,agnostic_path,beam_imaging,camera_abs,camera_fluo,coils_current_cntrl,coils_current_ctrl_red,dueD_MOT_Frq,dueD_MOT_Pow,filepath,imaging_abs,imaging_fluo,imaging_waveplate_2,imaging_waveplate_4,labscript,loadTime_BlueMOT,mot_blue,mot_red,mot_red_sf,n_loop,n_runs,n_shot,red_multi_pow,red_multi_step,run number,run repeat,run time,sequence,sequence_index,spectroscopy_red_ramp,stop_buffering_time,table_red,treD_MOT_Frq,treD_MOT_Pow,tweezers
,,atom_in_tweezer_1,atom_in_tweezer_2,atom_in_tweezer_3,max_tweezer_1,max_tweezer_2,max_tweezer_3,mean_tweezer_1,mean_tweezer_2,mean_tweezer_3,photo_background,photon_tweezer_1,photon_tweezer_2,photon_tweezer_3,variance_tweezer_1,variance_tweezer_2,variance_tweezer_3,,,,,,,,,,,,,,,,,,,,,BINNING,BIT PER CHANNEL,BUFFER FRAMEBYTES,BUFFER PIXEL TYPE,BUFFER ROWBYTES,BUFFER TOP OFFSET BYTES,CAPTURE MODE,COLORTYPE,CONVERSION FACTOR COEFF,CONVERSION FACTOR OFFSET,DEFECT CORRECT MODE,EXPOSURE TIME,FRAME STAMP PRODUCER,FRAMEBUNDLE FRAME STEP BYTES,FRAMEBUNDLE MODE,FRAMEBUNDLE NUMBER,FRAMEBUNDLE ROWBYTES,HOT PIXEL CORRECT LEVEL,IMAGE CAMERA STAMP,IMAGE DETECTOR PIXEL HEIGHT,IMAGE DETECTOR PIXEL NUM HORZ,IMAGE DETECTOR PIXEL NUM VERT,IMAGE DETECTOR PIXEL WIDTH,IMAGE FRAMEBYTES,IMAGE HEIGHT,IMAGE PIXEL TYPE,IMAGE ROWBYTES,IMAGE TOP OFFSET BYTES,IMAGE WIDTH,INTENSITY LUT MODE,INTENSITY LUT PAGE,INTERNAL FRAME INTERVAL,INTERNAL FRAME RATE,INTERNAL LINE INTERVAL,INTERNAL LINE SPEED,MASTER PULSE BURST TIMES,MASTER PULSE INTERVAL,MASTER PULSE MODE,MASTER PULSE TRIGGER SOURCE,NUMBER OF OUTPUT TRIGGER CONNECTOR,OUTPUT TRIGGER ACTIVE[0],OUTPUT TRIGGER DELAY[0],OUTPUT TRIGGER KIND[0],OUTPUT TRIGGER PERIOD[0],OUTPUT TRIGGER POLARITY[0],OUTPUT TRIGGER PRE HSYNC COUNT,OUTPUT TRIGGER SOURCE[0],READOUT DIRECTION,READOUT SPEED,RECORD FIXED BYTES PER FILE,RECORD FIXED BYTES PER FRAME,RECORD FIXED BYTES PER SESSION,SENSOR COOLER STATUS,SENSOR MODE,SENSOR TEMPERATURE,SUBARRAY HPOS,SUBARRAY HSIZE,SUBARRAY MODE,SUBARRAY VPOS,SUBARRAY VSIZE,SYSTEM ALIVE,TIME STAMP PRODUCER,TIMING CYCLIC TRIGGER PERIOD,TIMING EXPOSURE,TIMING GLOBAL EXPOSURE DELAY,TIMING INVALID EXPOSURE PERIOD,TIMING MIN TRIGGER BLANKING,TIMING MIN TRIGGER INTERVAL,TIMING READOUT TIME,TRIGGER ACTIVE,TRIGGER CONNECTOR,TRIGGER DELAY,TRIGGER GLOBAL EXPOSURE,TRIGGER MODE,TRIGGER POLARITY,TRIGGER SOURCE,TRIGGER TIMES,TweezFluo,TweezFluo,TweezFluo,TweezFluo,camera,failed_shot,,,,,,,,,,,,,,,,,,,,,,,,,,,,,,,,,,,,,,,,,,,,,,,,,,,,,,,,,,
,,,,,,,,,,,,,,,,,,,,,,,,,,,,,,,,,,,,,,,,,,,,,,,,,,,,,,,,,,,,,,,,,,,,,,,,,,,,,,,,,,,,,,,,,,,,,,,,,,,,,,,,,,,,,,,,,,,frame,frame,frame,frame,,,,,,,,,,,,,,,,,,,,,,,,,,,,,,,,,,,,,,,,,,,,,,,,,,,,,,,,,,,,
,,,,,,,,,,,,,,,,,,,,,,,,,,,,,,,,,,,,,,,,,,,,,,,,,,,,,,,,,,,,,,,,,,,,,,,,,,,,,,,,,,,,,,,,,,,,,,,,,,,,,,,,,,,,,,,,,,,CLASS,IMAGE_SUBCLASS,IMAGE_VERSION,IMAGE_WHITE_IS_ZERO,,,,,,,,,,,,,,,,,,,,,,,,,,,,,,,,,,,,,,,,,,,,,,,,,,,,,,,,,,,,
60,19.7,0,0,0,16.0,13.0,13.0,1.296875,1.21875,0.171875,19.6,8.3,7.8,1.1,21.64624,20.952148,15.642334,False,10.0,1,0.5,80,28,108,10.0,114,29,114,28,False,73.9,25,100,100,300,73.02,100.1,1.0,16.0,20000.0,2.0,200.0,0.0,1.0,1.0,0.11,200.0,2.0,0.010000799999999999,5.0,20000.0,1.0,2.0,200.0,1.0,0.0,4.6000000000000005,4096.0,2304.0,4.6000000000000005,20000.0,100.0,2.0,200.0,0.0,100.0,1.0,1.0,0.0104184,95.98402825769793,7.2e-06,0.638888888888889,1.0,0.1,1.0,1.0,3.0,1.0,0.0,2.0,0.0009999999999999998,2.0,0.0,2.0,1.0,2.0,256.0,51248.0,916.0,2.0,1.0,-20.0,2308.0,100.0,2.0,792.0,100.0,2.0,5.0,0.0,3.0,0.0004104,2.88e-05,0.0,0.010432799999999999,0.00042479999999999997,1.0,2.0,0.0,3.0,1.0,2.0,2.0,1.0,b'IMAGE',b'IMAGE_GRAYSCALE',b'1.2',0,Orca_Camera,False,tweez,0.09,1.5,0.432,15,True,74.94,24,110,True,False,73.7,74.6,20,0.5,10,40,10,10,0.09,0.377,0.43,0.9,35,Z:\Experiments\Sr\Selection_experiment\2024\10\23\0042\2024-10-23_0042_Selection_experiment_000.h5,abs,basler_abs,orca,2.5,0.1,209,28,F:\Experiments\Sr\Selection_experiment\2024\10\23\0042\2024-10-23_0042_Selection_experiment_000.h5,False,True,340,340,Selection_experiment.py,150,True,True,True,1,189,1.0,26.5,30,0,0,2024-10-23 18:49:37.132914+02:00,2024-10-23 18:49:16+02:00,42,75.455,100,True,170,28,True
60,19.7,0,0,0,37.0,24.0,23.0,2.71875,3.21875,1.828125,19.5,17.4,20.6,11.7,43.38965,51.13965,40.236084,False,60.0,1,0.5,80,28,108,10.0,114,29,114,28,False,73.9,25,100,100,300,73.02,100.1,1.0,16.0,20000.0,2.0,200.0,0.0,1.0,1.0,0.11,200.0,2.0,0.0600048,5.0,20000.0,1.0,2.0,200.0,1.0,0.0,4.6000000000000005,4096.0,2304.0,4.6000000000000005,20000.0,100.0,2.0,200.0,0.0,100.0,1.0,1.0,0.060422399999999994,16.550153585425274,7.2e-06,0.638888888888889,1.0,0.1,1.0,1.0,3.0,1.0,0.0,2.0,0.0009999999999999998,2.0,0.0,2.0,1.0,2.0,256.0,51248.0,916.0,2.0,1.0,-20.0,2308.0,100.0,2.0,792.0,100.0,2.0,5.0,0.0,3.0,0.0004104,2.88e-05,0.0,0.06043679999999999,0.00042479999999999997,1.0,2.0,0.0,3.0,1.0,2.0,2.0,1.0,b'IMAGE',b'IMAGE_GRAYSCALE',b'1.2',0,Orca_Camera,False,tweez,0.09,1.5,0.432,15,True,74.94,24,110,True,False,73.7,74.6,20,0.5,10,40,10,10,0.09,0.377,0.43,0.9,35,Z:\Experiments\Sr\Selection_experiment\2024\10\23\0042\2024-10-23_0042_Selection_experiment_001.h5,abs,basler_abs,orca,2.5,0.1,209,28,F:\Experiments\Sr\Selection_experiment\2024\10\23\0042\2024-10-23_0042_Selection_experiment_001.h5,False,True,340,340,Selection_experiment.py,150,True,True,True,1,189,1.0,26.5,30,1,0,2024-10-23 18:49:39.487149+02:00,2024-10-23 18:49:16+02:00,42,75.455,100,True,170,28,True
60,19.7,0,0,0,28.0,29.0,28.0,3.546875,2.953125,2.828125,34.8,22.7,18.9,18.1,43.060303,41.107178,44.923584,False,110.0,1,0.5,80,28,108,10.0,114,29,114,28,False,73.9,25,100,100,300,73.02,100.1,1.0,16.0,20000.0,2.0,200.0,0.0,1.0,1.0,0.11,200.0,2.0,0.11000159999999999,5.0,20000.0,1.0,2.0,200.0,1.0,0.0,4.6000000000000005,4096.0,2304.0,4.6000000000000005,20000.0,100.0,2.0,200.0,0.0,100.0,1.0,1.0,0.1104192,9.056395989103345,7.2e-06,0.638888888888889,1.0,0.1,1.0,1.0,3.0,1.0,0.0,2.0,0.0009999999999999998,2.0,0.0,2.0,1.0,2.0,256.0,51248.0,916.0,2.0,1.0,-20.0,2308.0,100.0,2.0,792.0,100.0,2.0,5.0,0.0,3.0,0.0004104,2.88e-05,0.0,0.11043359999999999,0.00042479999999999997,1.0,2.0,0.0,3.0,1.0,2.0,2.0,1.0,b'IMAGE',b'IMAGE_GRAYSCALE',b'1.2',0,Orca_Camera,False,tweez,0.09,1.5,0.432,15,True,74.94,24,110,True,False,73.7,74.6,20,0.5,10,40,10,10,0.09,0.377,0.43,0.9,35,Z:\Experiments\Sr\Selection_experiment\2024\10\23\0042\2024-10-23_0042_Selection_experiment_002.h5,abs,basler_abs,orca,2.5,0.1,209,28,F:\Experiments\Sr\Selection_experiment\2024\10\23\0042\2024-10-23_0042_Selection_experiment_002.h5,False,True,340,340,Selection_experiment.py,150,True,True,True,1,189,1.0,26.5,30,2,0,2024-10-23 18:49:41.999190+02:00,2024-10-23 18:49:16+02:00,42,75.455,100,True,170,28,True
60,19.7,0,0,0,30.0,19.0,22.0,4.140625,4.515625,3.015625,28.3,26.5,28.9,19.3,47.43335,48.906006,39.98413,False,160.0,1,0.5,80,28,108,10.0,114,29,114,28,False,73.9,25,100,100,300,73.02,100.1,1.0,16.0,20000.0,2.0,200.0,0.0,1.0,1.0,0.11,200.0,2.0,0.1600056,5.0,20000.0,1.0,2.0,200.0,1.0,0.0,4.6000000000000005,4096.0,2304.0,4.6000000000000005,20000.0,100.0,2.0,200.0,0.0,100.0,1.0,1.0,0.1604232,6.233512359808308,7.2e-06,0.638888888888889,1.0,0.1,1.0,1.0,3.0,1.0,0.0,2.0,0.0009999999999999998,2.0,0.0,2.0,1.0,2.0,256.0,51248.0,916.0,2.0,1.0,-20.0,2308.0,100.0,2.0,792.0,100.0,2.0,5.0,0.0,3.0,0.0004104,2.88e-05,0.0,0.16043759999999999,0.00042479999999999997,1.0,2.0,0.0,3.0,1.0,2.0,2.0,1.0,b'IMAGE',b'IMAGE_GRAYSCALE',b'1.2',0,Orca_Camera,False,tweez,0.09,1.5,0.432,15,True,74.94,24,110,True,False,73.7,74.6,20,0.5,10,40,10,10,0.09,0.377,0.43,0.9,35,Z:\Experiments\Sr\Selection_experiment\2024\10\23\0042\2024-10-23_0042_Selection_experiment_003.h5,abs,basler_abs,orca,2.5,0.1,209,28,F:\Experiments\Sr\Selection_experiment\2024\10\23\0042\2024-10-23_0042_Selection_experiment_003.h5,False,True,340,340,Selection_experiment.py,150,True,True,True,1,189,1.0,26.5,30,3,0,2024-10-23 18:49:44.446313+02:00,2024-10-23 18:49:16+02:00,42,75.455,100,True,170,28,True
60,19.7,0,0,0,32.0,36.0,35.0,3.71875,6.09375,3.953125,21.9,23.8,39.0,25.3,78.76465,73.58496,82.91968,False,210.0,1,0.5,80,28,108,10.0,114,29,114,28,False,73.9,25,100,100,300,73.02,100.1,1.0,16.0,20000.0,2.0,200.0,0.0,1.0,1.0,0.11,200.0,2.0,0.21000239999999998,5.0,20000.0,1.0,2.0,200.0,1.0,0.0,4.6000000000000005,4096.0,2304.0,4.6000000000000005,20000.0,100.0,2.0,200.0,0.0,100.0,1.0,1.0,0.21042,4.7523999619808,7.2e-06,0.638888888888889,1.0,0.1,1.0,1.0,3.0,1.0,0.0,2.0,0.0009999999999999998,2.0,0.0,2.0,1.0,2.0,256.0,51248.0,916.0,2.0,1.0,-20.0,2308.0,100.0,2.0,792.0,100.0,2.0,5.0,0.0,3.0,0.0004104,2.88e-05,0.0,0.2104344,0.00042479999999999997,1.0,2.0,0.0,3.0,1.0,2.0,2.0,1.0,b'IMAGE',b'IMAGE_GRAYSCALE',b'1.2',0,Orca_Camera,False,tweez,0.09,1.5,0.432,15,True,74.94,24,110,True,False,73.7,74.6,20,0.5,10,40,10,10,0.09,0.377,0.43,0.9,35,Z:\Experiments\Sr\Selection_experiment\2024\10\23\0042\2024-10-23_0042_Selection_experiment_004.h5,abs,basler_abs,orca,2.5,0.1,209,28,F:\Experiments\Sr\Selection_experiment\2024\10\23\0042\2024-10-23_0042_Selection_experiment_004.h5,False,True,340,340,Selection_experiment.py,150,True,True,True,1,189,1.0,26.5,30,4,0,2024-10-23 18:49:46.951105+02:00,2024-10-23 18:49:16+02:00,42,75.455,100,True,170,28,True
60,19.7,1,0,0,30.0,23.0,26.0,6.34375,6.0625,4.75,39.2,40.6,38.8,30.4,62.819336,53.308594,68.09375,False,260.0,1,0.5,80,28,108,10.0,114,29,114,28,False,73.9,25,100,100,300,73.02,100.1,1.0,16.0,20000.0,2.0,200.0,0.0,1.0,1.0,0.11,200.0,2.0,0.26000639999999997,5.0,20000.0,1.0,2.0,200.0,1.0,0.0,4.6000000000000005,4096.0,2304.0,4.6000000000000005,20000.0,100.0,2.0,200.0,0.0,100.0,1.0,1.0,0.260424,3.8398918686449792,7.2e-06,0.638888888888889,1.0,0.1,1.0,1.0,3.0,1.0,0.0,2.0,0.0009999999999999998,2.0,0.0,2.0,1.0,2.0,256.0,51248.0,916.0,2.0,1.0,-20.0,2308.0,100.0,2.0,792.0,100.0,2.0,5.0,0.0,3.0,0.0004104,2.88e-05,0.0,0.2604384,0.00042479999999999997,1.0,2.0,0.0,3.0,1.0,2.0,2.0,1.0,b'IMAGE',b'IMAGE_GRAYSCALE',b'1.2',0,Orca_Camera,False,tweez,0.09,1.5,0.432,15,True,74.94,24,110,True,False,73.7,74.6,20,0.5,10,40,10,10,0.09,0.377,0.43,0.9,35,Z:\Experiments\Sr\Selection_experiment\2024\10\23\0042\2024-10-23_0042_Selection_experiment_005.h5,abs,basler_abs,orca,2.5,0.1,209,28,F:\Experiments\Sr\Selection_experiment\2024\10\23\0042\2024-10-23_0042_Selection_experiment_005.h5,False,True,340,340,Selection_experiment.py,150,True,True,True,1,189,1.0,26.5,30,5,0,2024-10-23 18:49:49.488314+02:00,2024-10-23 18:49:16+02:00,42,75.455,100,True,170,28,True
60,19.7,1,1,0,31.0,32.0,28.0,7.078125,6.375,4.453125,52.3,45.3,40.8,28.5,67.04077,70.484375,60.435303,False,310.0,1,0.5,80,28,108,10.0,114,29,114,28,False,73.9,25,100,100,300,73.02,100.1,1.0,16.0,20000.0,2.0,200.0,0.0,1.0,1.0,0.11,200.0,2.0,0.3100032,5.0,20000.0,1.0,2.0,200.0,1.0,0.0,4.6000000000000005,4096.0,2304.0,4.6000000000000005,20000.0,100.0,2.0,200.0,0.0,100.0,1.0,1.0,0.3104208,3.2214336152732033,7.2e-06,0.638888888888889,1.0,0.1,1.0,1.0,3.0,1.0,0.0,2.0,0.0009999999999999998,2.0,0.0,2.0,1.0,2.0,256.0,51248.0,916.0,2.0,1.0,-20.0,2308.0,100.0,2.0,792.0,100.0,2.0,5.0,0.0,3.0,0.0004104,2.88e-05,0.0,0.3104352,0.00042479999999999997,1.0,2.0,0.0,3.0,1.0,2.0,2.0,1.0,b'IMAGE',b'IMAGE_GRAYSCALE',b'1.2',0,Orca_Camera,False,tweez,0.09,1.5,0.432,15,True,74.94,24,110,True,False,73.7,74.6,20,0.5,10,40,10,10,0.09,0.377,0.43,0.9,35,Z:\Experiments\Sr\Selection_experiment\2024\10\23\0042\2024-10-23_0042_Selection_experiment_006.h5,abs,basler_abs,orca,2.5,0.1,209,28,F:\Experiments\Sr\Selection_experiment\2024\10\23\0042\2024-10-23_0042_Selection_experiment_006.h5,False,True,340,340,Selection_experiment.py,150,True,True,True,1,189,1.0,26.5,30,6,0,2024-10-23 18:49:52.473133+02:00,2024-10-23 18:49:16+02:00,42,75.455,100,True,170,28,True
60,19.7,0,0,0,11.0,13.0,14.0,0.640625,1.515625,0.203125,13.0,4.1,9.7,1.3,12.980225,15.968506,30.818115,False,10.0,1,0.5,80,28,108,12.0,114,29,114,28,False,73.9,25,100,100,300,73.02,100.1,1.0,16.0,20000.0,2.0,200.0,0.0,1.0,1.0,0.11,200.0,2.0,0.010000799999999999,5.0,20000.0,1.0,2.0,200.0,1.0,0.0,4.6000000000000005,4096.0,2304.0,4.6000000000000005,20000.0,100.0,2.0,200.0,0.0,100.0,1.0,1.0,0.0104184,95.98402825769793,7.2e-06,0.638888888888889,1.0,0.1,1.0,1.0,3.0,1.0,0.0,2.0,0.0009999999999999998,2.0,0.0,2.0,1.0,2.0,256.0,51248.0,916.0,2.0,1.0,-20.0,2308.0,100.0,2.0,792.0,100.0,2.0,5.0,0.0,3.0,0.0004104,2.88e-05,0.0,0.010432799999999999,0.00042479999999999997,1.0,2.0,0.0,3.0,1.0,2.0,2.0,1.0,b'IMAGE',b'IMAGE_GRAYSCALE',b'1.2',0,Orca_Camera,False,tweez,0.09,1.5,0.432,15,True,74.94,24,110,True,False,73.7,74.6,20,0.5,10,40,10,10,0.09,0.377,0.43,0.9,35,Z:\Experiments\Sr\Selection_experiment\2024\10\23\0042\2024-10-23_0042_Selection_experiment_007.h5,abs,basler_abs,orca,2.5,0.1,209,28,F:\Experiments\Sr\Selection_experiment\2024\10\23\0042\2024-10-23_0042_Selection_experiment_007.h5,False,True,340,340,Selection_experiment.py,150,True,True,True,1,189,1.0,26.5,30,7,0,2024-10-23 18:49:55.576791+02:00,2024-10-23 18:49:16+02:00,42,75.455,100,True,170,28,True
60,19.7,0,0,0,15.0,27.0,23.0,1.875,2.609375,2.71875,20.3,12.0,16.7,17.4,21.078125,36.706787,43.0459,False,60.0,1,0.5,80,28,108,12.0,114,29,114,28,False,73.9,25,100,100,300,73.02,100.1,1.0,16.0,20000.0,2.0,200.0,0.0,1.0,1.0,0.11,200.0,2.0,0.0600048,5.0,20000.0,1.0,2.0,200.0,1.0,0.0,4.6000000000000005,4096.0,2304.0,4.6000000000000005,20000.0,100.0,2.0,200.0,0.0,100.0,1.0,1.0,0.060422399999999994,16.550153585425274,7.2e-06,0.638888888888889,1.0,0.1,1.0,1.0,3.0,1.0,0.0,2.0,0.0009999999999999998,2.0,0.0,2.0,1.0,2.0,256.0,51248.0,916.0,2.0,1.0,-20.0,2308.0,100.0,2.0,792.0,100.0,2.0,5.0,0.0,3.0,0.0004104,2.88e-05,0.0,0.06043679999999999,0.00042479999999999997,1.0,2.0,0.0,3.0,1.0,2.0,2.0,1.0,b'IMAGE',b'IMAGE_GRAYSCALE',b'1.2',0,Orca_Camera,False,tweez,0.09,1.5,0.432,15,True,74.94,24,110,True,False,73.7,74.6,20,0.5,10,40,10,10,0.09,0.377,0.43,0.9,35,Z:\Experiments\Sr\Selection_experiment\2024\10\23\0042\2024-10-23_0042_Selection_experiment_008.h5,abs,basler_abs,orca,2.5,0.1,209,28,F:\Experiments\Sr\Selection_experiment\2024\10\23\0042\2024-10-23_0042_Selection_experiment_008.h5,False,True,340,340,Selection_experiment.py,150,True,True,True,1,189,1.0,26.5,30,8,0,2024-10-23 18:49:58.031937+02:00,2024-10-23 18:49:16+02:00,42,75.455,100,True,170,28,True
60,19.7,0,0,0,26.0,36.0,22.0,4.34375,4.328125,4.3125,26.2,27.8,27.7,27.6,45.944336,51.50171,42.121094,False,110.0,1,0.5,80,28,108,12.0,114,29,114,28,False,73.9,25,100,100,300,73.02,100.1,1.0,16.0,20000.0,2.0,200.0,0.0,1.0,1.0,0.11,200.0,2.0,0.11000159999999999,5.0,20000.0,1.0,2.0,200.0,1.0,0.0,4.6000000000000005,4096.0,2304.0,4.6000000000000005,20000.0,100.0,2.0,200.0,0.0,100.0,1.0,1.0,0.1104192,9.056395989103345,7.2e-06,0.638888888888889,1.0,0.1,1.0,1.0,3.0,1.0,0.0,2.0,0.0009999999999999998,2.0,0.0,2.0,1.0,2.0,256.0,51248.0,916.0,2.0,1.0,-20.0,2308.0,100.0,2.0,792.0,100.0,2.0,5.0,0.0,3.0,0.0004104,2.88e-05,0.0,0.11043359999999999,0.00042479999999999997,1.0,2.0,0.0,3.0,1.0,2.0,2.0,1.0,b'IMAGE',b'IMAGE_GRAYSCALE',b'1.2',0,Orca_Camera,False,tweez,0.09,1.5,0.432,15,True,74.94,24,110,True,False,73.7,74.6,20,0.5,10,40,10,10,0.09,0.377,0.43,0.9,35,Z:\Experiments\Sr\Selection_experiment\2024\10\23\0042\2024-10-23_0042_Selection_experiment_009.h5,abs,basler_abs,orca,2.5,0.1,209,28,F:\Experiments\Sr\Selection_experiment\2024\10\23\0042\2024-10-23_0042_Selection_experiment_009.h5,False,True,340,340,Selection_experiment.py,150,True,True,True,1,189,1.0,26.5,30,9,0,2024-10-23 18:50:00.455642+02:00,2024-10-23 18:49:16+02:00,42,75.455,100,True,170,28,True
60,19.7,0,0,0,30.0,28.0,24.0,3.390625,4.203125,5.53125,29.2,21.7,26.9,35.4,49.738037,52.568115,56.874023,False,160.0,1,0.5,80,28,108,12.0,114,29,114,28,False,73.9,25,100,100,300,73.02,100.1,1.0,16.0,20000.0,2.0,200.0,0.0,1.0,1.0,0.11,200.0,2.0,0.1600056,5.0,20000.0,1.0,2.0,200.0,1.0,0.0,4.6000000000000005,4096.0,2304.0,4.6000000000000005,20000.0,100.0,2.0,200.0,0.0,100.0,1.0,1.0,0.1604232,6.233512359808308,7.2e-06,0.638888888888889,1.0,0.1,1.0,1.0,3.0,1.0,0.0,2.0,0.0009999999999999998,2.0,0.0,2.0,1.0,2.0,256.0,51248.0,916.0,2.0,1.0,-20.0,2308.0,100.0,2.0,792.0,100.0,2.0,5.0,0.0,3.0,0.0004104,2.88e-05,0.0,0.16043759999999999,0.00042479999999999997,1.0,2.0,0.0,3.0,1.0,2.0,2.0,1.0,b'IMAGE',b'IMAGE_GRAYSCALE',b'1.2',0,Orca_Camera,False,tweez,0.09,1.5,0.432,15,True,74.94,24,110,True,False,73.7,74.6,20,0.5,10,40,10,10,0.09,0.377,0.43,0.9,35,Z:\Experiments\Sr\Selection_experiment\2024\10\23\0042\2024-10-23_0042_Selection_experiment_010.h5,abs,basler_abs,orca,2.5,0.1,209,28,F:\Experiments\Sr\Selection_experiment\2024\10\23\0042\2024-10-23_0042_Selection_experiment_010.h5,False,True,340,340,Selection_experiment.py,150,True,True,True,1,189,1.0,26.5,30,10,0,2024-10-23 18:50:02.890704+02:00,2024-10-23 18:49:16+02:00,42,75.455,100,True,170,28,True
60,19.7,0,0,0,28.0,31.0,23.0,5.171875,5.25,4.640625,29.8,33.1,33.6,29.7,56.236084,50.34375,50.761475,False,210.0,1,0.5,80,28,108,12.0,114,29,114,28,False,73.9,25,100,100,300,73.02,100.1,1.0,16.0,20000.0,2.0,200.0,0.0,1.0,1.0,0.11,200.0,2.0,0.21000239999999998,5.0,20000.0,1.0,2.0,200.0,1.0,0.0,4.6000000000000005,4096.0,2304.0,4.6000000000000005,20000.0,100.0,2.0,200.0,0.0,100.0,1.0,1.0,0.21042,4.7523999619808,7.2e-06,0.638888888888889,1.0,0.1,1.0,1.0,3.0,1.0,0.0,2.0,0.0009999999999999998,2.0,0.0,2.0,1.0,2.0,256.0,51248.0,916.0,2.0,1.0,-20.0,2308.0,100.0,2.0,792.0,100.0,2.0,5.0,0.0,3.0,0.0004104,2.88e-05,0.0,0.2104344,0.00042479999999999997,1.0,2.0,0.0,3.0,1.0,2.0,2.0,1.0,b'IMAGE',b'IMAGE_GRAYSCALE',b'1.2',0,Orca_Camera,False,tweez,0.09,1.5,0.432,15,True,74.94,24,110,True,False,73.7,74.6,20,0.5,10,40,10,10,0.09,0.377,0.43,0.9,35,Z:\Experiments\Sr\Selection_experiment\2024\10\23\0042\2024-10-23_0042_Selection_experiment_011.h5,abs,basler_abs,orca,2.5,0.1,209,28,F:\Experiments\Sr\Selection_experiment\2024\10\23\0042\2024-10-23_0042_Selection_experiment_011.h5,False,True,340,340,Selection_experiment.py,150,True,True,True,1,189,1.0,26.5,30,11,0,2024-10-23 18:50:05.282517+02:00,2024-10-23 18:49:16+02:00,42,75.455,100,True,170,28,True
60,19.7,0,1,0,24.0,28.0,35.0,4.96875,6.296875,4.5625,42.0,31.8,40.3,29.2,50.374023,57.08374,48.496094,False,260.0,1,0.5,80,28,108,12.0,114,29,114,28,False,73.9,25,100,100,300,73.02,100.1,1.0,16.0,20000.0,2.0,200.0,0.0,1.0,1.0,0.11,200.0,2.0,0.26000639999999997,5.0,20000.0,1.0,2.0,200.0,1.0,0.0,4.6000000000000005,4096.0,2304.0,4.6000000000000005,20000.0,100.0,2.0,200.0,0.0,100.0,1.0,1.0,0.260424,3.8398918686449792,7.2e-06,0.638888888888889,1.0,0.1,1.0,1.0,3.0,1.0,0.0,2.0,0.0009999999999999998,2.0,0.0,2.0,1.0,2.0,256.0,51248.0,916.0,2.0,1.0,-20.0,2308.0,100.0,2.0,792.0,100.0,2.0,5.0,0.0,3.0,0.0004104,2.88e-05,0.0,0.2604384,0.00042479999999999997,1.0,2.0,0.0,3.0,1.0,2.0,2.0,1.0,b'IMAGE',b'IMAGE_GRAYSCALE',b'1.2',0,Orca_Camera,False,tweez,0.09,1.5,0.432,15,True,74.94,24,110,True,False,73.7,74.6,20,0.5,10,40,10,10,0.09,0.377,0.43,0.9,35,Z:\Experiments\Sr\Selection_experiment\2024\10\23\0042\2024-10-23_0042_Selection_experiment_012.h5,abs,basler_abs,orca,2.5,0.1,209,28,F:\Experiments\Sr\Selection_experiment\2024\10\23\0042\2024-10-23_0042_Selection_experiment_012.h5,False,True,340,340,Selection_experiment.py,150,True,True,True,1,189,1.0,26.5,30,12,0,2024-10-23 18:50:07.809332+02:00,2024-10-23 18:49:16+02:00,42,75.455,100,True,170,28,True
60,19.7,1,0,0,46.0,29.0,49.0,9.34375,5.40625,5.109375,41.6,59.8,34.6,32.7,116.006836,67.42871,75.28491,False,310.0,1,0.5,80,28,108,12.0,114,29,114,28,False,73.9,25,100,100,300,73.02,100.1,1.0,16.0,20000.0,2.0,200.0,0.0,1.0,1.0,0.11,200.0,2.0,0.3100032,5.0,20000.0,1.0,2.0,200.0,1.0,0.0,4.6000000000000005,4096.0,2304.0,4.6000000000000005,20000.0,100.0,2.0,200.0,0.0,100.0,1.0,1.0,0.3104208,3.2214336152732033,7.2e-06,0.638888888888889,1.0,0.1,1.0,1.0,3.0,1.0,0.0,2.0,0.0009999999999999998,2.0,0.0,2.0,1.0,2.0,256.0,51248.0,916.0,2.0,1.0,-20.0,2308.0,100.0,2.0,792.0,100.0,2.0,5.0,0.0,3.0,0.0004104,2.88e-05,0.0,0.3104352,0.00042479999999999997,1.0,2.0,0.0,3.0,1.0,2.0,2.0,1.0,b'IMAGE',b'IMAGE_GRAYSCALE',b'1.2',0,Orca_Camera,False,tweez,0.09,1.5,0.432,15,True,74.94,24,110,True,False,73.7,74.6,20,0.5,10,40,10,10,0.09,0.377,0.43,0.9,35,Z:\Experiments\Sr\Selection_experiment\2024\10\23\0042\2024-10-23_0042_Selection_experiment_013.h5,abs,basler_abs,orca,2.5,0.1,209,28,F:\Experiments\Sr\Selection_experiment\2024\10\23\0042\2024-10-23_0042_Selection_experiment_013.h5,False,True,340,340,Selection_experiment.py,150,True,True,True,1,189,1.0,26.5,30,13,0,2024-10-23 18:50:10.787501+02:00,2024-10-23 18:49:16+02:00,42,75.455,100,True,170,28,True
60,19.7,0,0,0,14.0,10.0,23.0,2.265625,1.359375,1.265625,18.0,14.5,8.7,8.1,20.476318,12.136475,29.507568,False,10.0,1,0.5,80,28,108,14.0,114,29,114,28,False,73.9,25,100,100,300,73.02,100.1,1.0,16.0,20000.0,2.0,200.0,0.0,1.0,1.0,0.11,200.0,2.0,0.010000799999999999,5.0,20000.0,1.0,2.0,200.0,1.0,0.0,4.6000000000000005,4096.0,2304.0,4.6000000000000005,20000.0,100.0,2.0,200.0,0.0,100.0,1.0,1.0,0.0104184,95.98402825769793,7.2e-06,0.638888888888889,1.0,0.1,1.0,1.0,3.0,1.0,0.0,2.0,0.0009999999999999998,2.0,0.0,2.0,1.0,2.0,256.0,51248.0,916.0,2.0,1.0,-20.0,2308.0,100.0,2.0,792.0,100.0,2.0,5.0,0.0,3.0,0.0004104,2.88e-05,0.0,0.010432799999999999,0.00042479999999999997,1.0,2.0,0.0,3.0,1.0,2.0,2.0,1.0,b'IMAGE',b'IMAGE_GRAYSCALE',b'1.2',0,Orca_Camera,False,tweez,0.09,1.5,0.432,15,True,74.94,24,110,True,False,73.7,74.6,20,0.5,10,40,10,10,0.09,0.377,0.43,0.9,35,Z:\Experiments\Sr\Selection_experiment\2024\10\23\0042\2024-10-23_0042_Selection_experiment_014.h5,abs,basler_abs,orca,2.5,0.1,209,28,F:\Experiments\Sr\Selection_experiment\2024\10\23\0042\2024-10-23_0042_Selection_experiment_014.h5,False,True,340,340,Selection_experiment.py,150,True,True,True,1,189,1.0,26.5,30,14,0,2024-10-23 18:50:13.866002+02:00,2024-10-23 18:49:16+02:00,42,75.455,100,True,170,28,True
60,19.7,0,0,0,31.0,27.0,27.0,4.125,3.140625,2.75,21.2,26.4,20.1,17.6,46.578125,44.12085,43.875,False,60.0,1,0.5,80,28,108,14.0,114,29,114,28,False,73.9,25,100,100,300,73.02,100.1,1.0,16.0,20000.0,2.0,200.0,0.0,1.0,1.0,0.11,200.0,2.0,0.0600048,5.0,20000.0,1.0,2.0,200.0,1.0,0.0,4.6000000000000005,4096.0,2304.0,4.6000000000000005,20000.0,100.0,2.0,200.0,0.0,100.0,1.0,1.0,0.060422399999999994,16.550153585425274,7.2e-06,0.638888888888889,1.0,0.1,1.0,1.0,3.0,1.0,0.0,2.0,0.0009999999999999998,2.0,0.0,2.0,1.0,2.0,256.0,51248.0,916.0,2.0,1.0,-20.0,2308.0,100.0,2.0,792.0,100.0,2.0,5.0,0.0,3.0,0.0004104,2.88e-05,0.0,0.06043679999999999,0.00042479999999999997,1.0,2.0,0.0,3.0,1.0,2.0,2.0,1.0,b'IMAGE',b'IMAGE_GRAYSCALE',b'1.2',0,Orca_Camera,False,tweez,0.09,1.5,0.432,15,True,74.94,24,110,True,False,73.7,74.6,20,0.5,10,40,10,10,0.09,0.377,0.43,0.9,35,Z:\Experiments\Sr\Selection_experiment\2024\10\23\0042\2024-10-23_0042_Selection_experiment_015.h5,abs,basler_abs,orca,2.5,0.1,209,28,F:\Experiments\Sr\Selection_experiment\2024\10\23\0042\2024-10-23_0042_Selection_experiment_015.h5,False,True,340,340,Selection_experiment.py,150,True,True,True,1,189,1.0,26.5,30,15,0,2024-10-23 18:50:16.264342+02:00,2024-10-23 18:49:16+02:00,42,75.455,100,True,170,28,True
60,19.7,0,1,0,26.0,40.0,23.0,4.578125,7.09375,3.4375,26.7,29.3,45.4,22.0,48.525146,60.74121,42.996094,False,110.0,1,0.5,80,28,108,14.0,114,29,114,28,False,73.9,25,100,100,300,73.02,100.1,1.0,16.0,20000.0,2.0,200.0,0.0,1.0,1.0,0.11,200.0,2.0,0.11000159999999999,5.0,20000.0,1.0,2.0,200.0,1.0,0.0,4.6000000000000005,4096.0,2304.0,4.6000000000000005,20000.0,100.0,2.0,200.0,0.0,100.0,1.0,1.0,0.1104192,9.056395989103345,7.2e-06,0.638888888888889,1.0,0.1,1.0,1.0,3.0,1.0,0.0,2.0,0.0009999999999999998,2.0,0.0,2.0,1.0,2.0,256.0,51248.0,916.0,2.0,1.0,-20.0,2308.0,100.0,2.0,792.0,100.0,2.0,5.0,0.0,3.0,0.0004104,2.88e-05,0.0,0.11043359999999999,0.00042479999999999997,1.0,2.0,0.0,3.0,1.0,2.0,2.0,1.0,b'IMAGE',b'IMAGE_GRAYSCALE',b'1.2',0,Orca_Camera,False,tweez,0.09,1.5,0.432,15,True,74.94,24,110,True,False,73.7,74.6,20,0.5,10,40,10,10,0.09,0.377,0.43,0.9,35,Z:\Experiments\Sr\Selection_experiment\2024\10\23\0042\2024-10-23_0042_Selection_experiment_016.h5,abs,basler_abs,orca,2.5,0.1,209,28,F:\Experiments\Sr\Selection_experiment\2024\10\23\0042\2024-10-23_0042_Selection_experiment_016.h5,False,True,340,340,Selection_experiment.py,150,True,True,True,1,189,1.0,26.5,30,16,0,2024-10-23 18:50:18.759667+02:00,2024-10-23 18:49:16+02:00,42,75.455,100,True,170,28,True
60,19.7,1,1,0,42.0,30.0,27.0,6.4375,6.796875,5.375,30.8,41.2,43.5,34.4,95.27734,67.943115,57.921875,False,160.0,1,0.5,80,28,108,14.0,114,29,114,28,False,73.9,25,100,100,300,73.02,100.1,1.0,16.0,20000.0,2.0,200.0,0.0,1.0,1.0,0.11,200.0,2.0,0.1600056,5.0,20000.0,1.0,2.0,200.0,1.0,0.0,4.6000000000000005,4096.0,2304.0,4.6000000000000005,20000.0,100.0,2.0,200.0,0.0,100.0,1.0,1.0,0.1604232,6.233512359808308,7.2e-06,0.638888888888889,1.0,0.1,1.0,1.0,3.0,1.0,0.0,2.0,0.0009999999999999998,2.0,0.0,2.0,1.0,2.0,256.0,51248.0,916.0,2.0,1.0,-20.0,2308.0,100.0,2.0,792.0,100.0,2.0,5.0,0.0,3.0,0.0004104,2.88e-05,0.0,0.16043759999999999,0.00042479999999999997,1.0,2.0,0.0,3.0,1.0,2.0,2.0,1.0,b'IMAGE',b'IMAGE_GRAYSCALE',b'1.2',0,Orca_Camera,False,tweez,0.09,1.5,0.432,15,True,74.94,24,110,True,False,73.7,74.6,20,0.5,10,40,10,10,0.09,0.377,0.43,0.9,35,Z:\Experiments\Sr\Selection_experiment\2024\10\23\0042\2024-10-23_0042_Selection_experiment_017.h5,abs,basler_abs,orca,2.5,0.1,209,28,F:\Experiments\Sr\Selection_experiment\2024\10\23\0042\2024-10-23_0042_Selection_experiment_017.h5,False,True,340,340,Selection_experiment.py,150,True,True,True,1,189,1.0,26.5,30,17,0,2024-10-23 18:50:21.244946+02:00,2024-10-23 18:49:16+02:00,42,75.455,100,True,170,28,True
60,19.7,1,1,0,39.0,40.0,26.0,6.75,7.609375,4.5,30.5,43.2,48.7,28.8,105.15625,82.36304,57.4375,False,210.0,1,0.5,80,28,108,14.0,114,29,114,28,False,73.9,25,100,100,300,73.02,100.1,1.0,16.0,20000.0,2.0,200.0,0.0,1.0,1.0,0.11,200.0,2.0,0.21000239999999998,5.0,20000.0,1.0,2.0,200.0,1.0,0.0,4.6000000000000005,4096.0,2304.0,4.6000000000000005,20000.0,100.0,2.0,200.0,0.0,100.0,1.0,1.0,0.21042,4.7523999619808,7.2e-06,0.638888888888889,1.0,0.1,1.0,1.0,3.0,1.0,0.0,2.0,0.0009999999999999998,2.0,0.0,2.0,1.0,2.0,256.0,51248.0,916.0,2.0,1.0,-20.0,2308.0,100.0,2.0,792.0,100.0,2.0,5.0,0.0,3.0,0.0004104,2.88e-05,0.0,0.2104344,0.00042479999999999997,1.0,2.0,0.0,3.0,1.0,2.0,2.0,1.0,b'IMAGE',b'IMAGE_GRAYSCALE',b'1.2',0,Orca_Camera,False,tweez,0.09,1.5,0.432,15,True,74.94,24,110,True,False,73.7,74.6,20,0.5,10,40,10,10,0.09,0.377,0.43,0.9,35,Z:\Experiments\Sr\Selection_experiment\2024\10\23\0042\2024-10-23_0042_Selection_experiment_018.h5,abs,basler_abs,orca,2.5,0.1,209,28,F:\Experiments\Sr\Selection_experiment\2024\10\23\0042\2024-10-23_0042_Selection_experiment_018.h5,False,True,340,340,Selection_experiment.py,150,True,True,True,1,189,1.0,26.5,30,18,0,2024-10-23 18:50:23.743305+02:00,2024-10-23 18:49:16+02:00,42,75.455,100,True,170,28,True
60,19.7,1,1,1,35.0,38.0,37.0,8.578125,7.578125,7.65625,39.5,54.9,48.5,49.0,98.7439,101.40015,91.569336,False,260.0,1,0.5,80,28,108,14.0,114,29,114,28,False,73.9,25,100,100,300,73.02,100.1,1.0,16.0,20000.0,2.0,200.0,0.0,1.0,1.0,0.11,200.0,2.0,0.26000639999999997,5.0,20000.0,1.0,2.0,200.0,1.0,0.0,4.6000000000000005,4096.0,2304.0,4.6000000000000005,20000.0,100.0,2.0,200.0,0.0,100.0,1.0,1.0,0.260424,3.8398918686449792,7.2e-06,0.638888888888889,1.0,0.1,1.0,1.0,3.0,1.0,0.0,2.0,0.0009999999999999998,2.0,0.0,2.0,1.0,2.0,256.0,51248.0,916.0,2.0,1.0,-20.0,2308.0,100.0,2.0,792.0,100.0,2.0,5.0,0.0,3.0,0.0004104,2.88e-05,0.0,0.2604384,0.00042479999999999997,1.0,2.0,0.0,3.0,1.0,2.0,2.0,1.0,b'IMAGE',b'IMAGE_GRAYSCALE',b'1.2',0,Orca_Camera,False,tweez,0.09,1.5,0.432,15,True,74.94,24,110,True,False,73.7,74.6,20,0.5,10,40,10,10,0.09,0.377,0.43,0.9,35,Z:\Experiments\Sr\Selection_experiment\2024\10\23\0042\2024-10-23_0042_Selection_experiment_019.h5,abs,basler_abs,orca,2.5,0.1,209,28,F:\Experiments\Sr\Selection_experiment\2024\10\23\0042\2024-10-23_0042_Selection_experiment_019.h5,False,True,340,340,Selection_experiment.py,150,True,True,True,1,189,1.0,26.5,30,19,0,2024-10-23 18:50:26.234640+02:00,2024-10-23 18:49:16+02:00,42,75.455,100,True,170,28,True
60,19.7,1,1,1,39.0,50.0,31.0,11.046875,11.28125,9.28125,38.8,70.7,72.2,59.4,116.88843,149.07715,90.9834,False,310.0,1,0.5,80,28,108,14.0,114,29,114,28,False,73.9,25,100,100,300,73.02,100.1,1.0,16.0,20000.0,2.0,200.0,0.0,1.0,1.0,0.11,200.0,2.0,0.3100032,5.0,20000.0,1.0,2.0,200.0,1.0,0.0,4.6000000000000005,4096.0,2304.0,4.6000000000000005,20000.0,100.0,2.0,200.0,0.0,100.0,1.0,1.0,0.3104208,3.2214336152732033,7.2e-06,0.638888888888889,1.0,0.1,1.0,1.0,3.0,1.0,0.0,2.0,0.0009999999999999998,2.0,0.0,2.0,1.0,2.0,256.0,51248.0,916.0,2.0,1.0,-20.0,2308.0,100.0,2.0,792.0,100.0,2.0,5.0,0.0,3.0,0.0004104,2.88e-05,0.0,0.3104352,0.00042479999999999997,1.0,2.0,0.0,3.0,1.0,2.0,2.0,1.0,b'IMAGE',b'IMAGE_GRAYSCALE',b'1.2',0,Orca_Camera,False,tweez,0.09,1.5,0.432,15,True,74.94,24,110,True,False,73.7,74.6,20,0.5,10,40,10,10,0.09,0.377,0.43,0.9,35,Z:\Experiments\Sr\Selection_experiment\2024\10\23\0042\2024-10-23_0042_Selection_experiment_020.h5,abs,basler_abs,orca,2.5,0.1,209,28,F:\Experiments\Sr\Selection_experiment\2024\10\23\0042\2024-10-23_0042_Selection_experiment_020.h5,False,True,340,340,Selection_experiment.py,150,True,True,True,1,189,1.0,26.5,30,20,0,2024-10-23 18:50:28.872809+02:00,2024-10-23 18:49:16+02:00,42,75.455,100,True,170,28,True
60,19.7,0,0,0,13.0,17.0,14.0,1.265625,2.203125,0.953125,16.6,8.1,14.1,6.1,19.132568,28.911865,15.669678,False,10.0,1,0.5,80,28,108,16.0,114,29,114,28,False,73.9,25,100,100,300,73.02,100.1,1.0,16.0,20000.0,2.0,200.0,0.0,1.0,1.0,0.11,200.0,2.0,0.010000799999999999,5.0,20000.0,1.0,2.0,200.0,1.0,0.0,4.6000000000000005,4096.0,2304.0,4.6000000000000005,20000.0,100.0,2.0,200.0,0.0,100.0,1.0,1.0,0.0104184,95.98402825769793,7.2e-06,0.638888888888889,1.0,0.1,1.0,1.0,3.0,1.0,0.0,2.0,0.0009999999999999998,2.0,0.0,2.0,1.0,2.0,256.0,51248.0,916.0,2.0,1.0,-20.0,2308.0,100.0,2.0,792.0,100.0,2.0,5.0,0.0,3.0,0.0004104,2.88e-05,0.0,0.010432799999999999,0.00042479999999999997,1.0,2.0,0.0,3.0,1.0,2.0,2.0,1.0,b'IMAGE',b'IMAGE_GRAYSCALE',b'1.2',0,Orca_Camera,False,tweez,0.09,1.5,0.432,15,True,74.94,24,110,True,False,73.7,74.6,20,0.5,10,40,10,10,0.09,0.377,0.43,0.9,35,Z:\Experiments\Sr\Selection_experiment\2024\10\23\0042\2024-10-23_0042_Selection_experiment_021.h5,abs,basler_abs,orca,2.5,0.1,209,28,F:\Experiments\Sr\Selection_experiment\2024\10\23\0042\2024-10-23_0042_Selection_experiment_021.h5,False,True,340,340,Selection_experiment.py,150,True,True,True,1,189,1.0,26.5,30,21,0,2024-10-23 18:50:31.986911+02:00,2024-10-23 18:49:16+02:00,42,75.455,100,True,170,28,True
60,19.7,0,0,0,31.0,27.0,25.0,4.78125,6.125,4.8125,25.0,30.6,39.2,30.8,66.70215,52.109375,36.714844,False,60.0,1,0.5,80,28,108,16.0,114,29,114,28,False,73.9,25,100,100,300,73.02,100.1,1.0,16.0,20000.0,2.0,200.0,0.0,1.0,1.0,0.11,200.0,2.0,0.0600048,5.0,20000.0,1.0,2.0,200.0,1.0,0.0,4.6000000000000005,4096.0,2304.0,4.6000000000000005,20000.0,100.0,2.0,200.0,0.0,100.0,1.0,1.0,0.060422399999999994,16.550153585425274,7.2e-06,0.638888888888889,1.0,0.1,1.0,1.0,3.0,1.0,0.0,2.0,0.0009999999999999998,2.0,0.0,2.0,1.0,2.0,256.0,51248.0,916.0,2.0,1.0,-20.0,2308.0,100.0,2.0,792.0,100.0,2.0,5.0,0.0,3.0,0.0004104,2.88e-05,0.0,0.06043679999999999,0.00042479999999999997,1.0,2.0,0.0,3.0,1.0,2.0,2.0,1.0,b'IMAGE',b'IMAGE_GRAYSCALE',b'1.2',0,Orca_Camera,False,tweez,0.09,1.5,0.432,15,True,74.94,24,110,True,False,73.7,74.6,20,0.5,10,40,10,10,0.09,0.377,0.43,0.9,35,Z:\Experiments\Sr\Selection_experiment\2024\10\23\0042\2024-10-23_0042_Selection_experiment_022.h5,abs,basler_abs,orca,2.5,0.1,209,28,F:\Experiments\Sr\Selection_experiment\2024\10\23\0042\2024-10-23_0042_Selection_experiment_022.h5,False,True,340,340,Selection_experiment.py,150,True,True,True,1,189,1.0,26.5,30,22,0,2024-10-23 18:50:34.409724+02:00,2024-10-23 18:49:16+02:00,42,75.455,100,True,170,28,True
60,19.7,1,1,1,43.0,47.0,36.0,10.140625,9.625,6.828125,24.1,64.9,61.6,43.7,135.43335,139.85938,84.611084,False,110.0,1,0.5,80,28,108,16.0,114,29,114,28,False,73.9,25,100,100,300,73.02,100.1,1.0,16.0,20000.0,2.0,200.0,0.0,1.0,1.0,0.11,200.0,2.0,0.11000159999999999,5.0,20000.0,1.0,2.0,200.0,1.0,0.0,4.6000000000000005,4096.0,2304.0,4.6000000000000005,20000.0,100.0,2.0,200.0,0.0,100.0,1.0,1.0,0.1104192,9.056395989103345,7.2e-06,0.638888888888889,1.0,0.1,1.0,1.0,3.0,1.0,0.0,2.0,0.0009999999999999998,2.0,0.0,2.0,1.0,2.0,256.0,51248.0,916.0,2.0,1.0,-20.0,2308.0,100.0,2.0,792.0,100.0,2.0,5.0,0.0,3.0,0.0004104,2.88e-05,0.0,0.11043359999999999,0.00042479999999999997,1.0,2.0,0.0,3.0,1.0,2.0,2.0,1.0,b'IMAGE',b'IMAGE_GRAYSCALE',b'1.2',0,Orca_Camera,False,tweez,0.09,1.5,0.432,15,True,74.94,24,110,True,False,73.7,74.6,20,0.5,10,40,10,10,0.09,0.377,0.43,0.9,35,Z:\Experiments\Sr\Selection_experiment\2024\10\23\0042\2024-10-23_0042_Selection_experiment_023.h5,abs,basler_abs,orca,2.5,0.1,209,28,F:\Experiments\Sr\Selection_experiment\2024\10\23\0042\2024-10-23_0042_Selection_experiment_023.h5,False,True,340,340,Selection_experiment.py,150,True,True,True,1,189,1.0,26.5,30,23,0,2024-10-23 18:50:36.833061+02:00,2024-10-23 18:49:16+02:00,42,75.455,100,True,170,28,True
60,19.7,1,1,1,69.0,63.0,52.0,14.515625,15.34375,11.328125,34.2,92.9,98.2,72.5,280.906,213.22559,226.84546,False,160.0,1,0.5,80,28,108,16.0,114,29,114,28,False,73.9,25,100,100,300,73.02,100.1,1.0,16.0,20000.0,2.0,200.0,0.0,1.0,1.0,0.11,200.0,2.0,0.1600056,5.0,20000.0,1.0,2.0,200.0,1.0,0.0,4.6000000000000005,4096.0,2304.0,4.6000000000000005,20000.0,100.0,2.0,200.0,0.0,100.0,1.0,1.0,0.1604232,6.233512359808308,7.2e-06,0.638888888888889,1.0,0.1,1.0,1.0,3.0,1.0,0.0,2.0,0.0009999999999999998,2.0,0.0,2.0,1.0,2.0,256.0,51248.0,916.0,2.0,1.0,-20.0,2308.0,100.0,2.0,792.0,100.0,2.0,5.0,0.0,3.0,0.0004104,2.88e-05,0.0,0.16043759999999999,0.00042479999999999997,1.0,2.0,0.0,3.0,1.0,2.0,2.0,1.0,b'IMAGE',b'IMAGE_GRAYSCALE',b'1.2',0,Orca_Camera,False,tweez,0.09,1.5,0.432,15,True,74.94,24,110,True,False,73.7,74.6,20,0.5,10,40,10,10,0.09,0.377,0.43,0.9,35,Z:\Experiments\Sr\Selection_experiment\2024\10\23\0042\2024-10-23_0042_Selection_experiment_024.h5,abs,basler_abs,orca,2.5,0.1,209,28,F:\Experiments\Sr\Selection_experiment\2024\10\23\0042\2024-10-23_0042_Selection_experiment_024.h5,False,True,340,340,Selection_experiment.py,150,True,True,True,1,189,1.0,26.5,30,24,0,2024-10-23 18:50:39.302212+02:00,2024-10-23 18:49:16+02:00,42,75.455,100,True,170,28,True
60,19.7,1,1,1,88.0,168.0,68.0,18.453125,18.4375,12.984375,35.7,118.1,118.0,83.1,364.2478,575.77734,251.76537,False,210.0,1,0.5,80,28,108,16.0,114,29,114,28,False,73.9,25,100,100,300,73.02,100.1,1.0,16.0,20000.0,2.0,200.0,0.0,1.0,1.0,0.11,200.0,2.0,0.21000239999999998,5.0,20000.0,1.0,2.0,200.0,1.0,0.0,4.6000000000000005,4096.0,2304.0,4.6000000000000005,20000.0,100.0,2.0,200.0,0.0,100.0,1.0,1.0,0.21042,4.7523999619808,7.2e-06,0.638888888888889,1.0,0.1,1.0,1.0,3.0,1.0,0.0,2.0,0.0009999999999999998,2.0,0.0,2.0,1.0,2.0,256.0,51248.0,916.0,2.0,1.0,-20.0,2308.0,100.0,2.0,792.0,100.0,2.0,5.0,0.0,3.0,0.0004104,2.88e-05,0.0,0.2104344,0.00042479999999999997,1.0,2.0,0.0,3.0,1.0,2.0,2.0,1.0,b'IMAGE',b'IMAGE_GRAYSCALE',b'1.2',0,Orca_Camera,False,tweez,0.09,1.5,0.432,15,True,74.94,24,110,True,False,73.7,74.6,20,0.5,10,40,10,10,0.09,0.377,0.43,0.9,35,Z:\Experiments\Sr\Selection_experiment\2024\10\23\0042\2024-10-23_0042_Selection_experiment_025.h5,abs,basler_abs,orca,2.5,0.1,209,28,F:\Experiments\Sr\Selection_experiment\2024\10\23\0042\2024-10-23_0042_Selection_experiment_025.h5,False,True,340,340,Selection_experiment.py,150,True,True,True,1,189,1.0,26.5,30,25,0,2024-10-23 18:50:41.703607+02:00,2024-10-23 18:49:16+02:00,42,75.455,100,True,170,28,True
60,19.7,1,1,1,123.0,96.0,69.0,25.1875,22.515625,14.9375,36.6,161.2,144.1,95.6,788.21484,565.031,254.2461,False,260.0,1,0.5,80,28,108,16.0,114,29,114,28,False,73.9,25,100,100,300,73.02,100.1,1.0,16.0,20000.0,2.0,200.0,0.0,1.0,1.0,0.11,200.0,2.0,0.26000639999999997,5.0,20000.0,1.0,2.0,200.0,1.0,0.0,4.6000000000000005,4096.0,2304.0,4.6000000000000005,20000.0,100.0,2.0,200.0,0.0,100.0,1.0,1.0,0.260424,3.8398918686449792,7.2e-06,0.638888888888889,1.0,0.1,1.0,1.0,3.0,1.0,0.0,2.0,0.0009999999999999998,2.0,0.0,2.0,1.0,2.0,256.0,51248.0,916.0,2.0,1.0,-20.0,2308.0,100.0,2.0,792.0,100.0,2.0,5.0,0.0,3.0,0.0004104,2.88e-05,0.0,0.2604384,0.00042479999999999997,1.0,2.0,0.0,3.0,1.0,2.0,2.0,1.0,b'IMAGE',b'IMAGE_GRAYSCALE',b'1.2',0,Orca_Camera,False,tweez,0.09,1.5,0.432,15,True,74.94,24,110,True,False,73.7,74.6,20,0.5,10,40,10,10,0.09,0.377,0.43,0.9,35,Z:\Experiments\Sr\Selection_experiment\2024\10\23\0042\2024-10-23_0042_Selection_experiment_026.h5,abs,basler_abs,orca,2.5,0.1,209,28,F:\Experiments\Sr\Selection_experiment\2024\10\23\0042\2024-10-23_0042_Selection_experiment_026.h5,False,True,340,340,Selection_experiment.py,150,True,True,True,1,189,1.0,26.5,30,26,0,2024-10-23 18:50:44.218420+02:00,2024-10-23 18:49:16+02:00,42,75.455,100,True,170,28,True
60,19.7,1,1,1,120.0,169.0,72.0,23.234375,26.65625,15.375,43.3,148.7,170.6,98.4,513.6482,944.3193,222.57812,False,310.0,1,0.5,80,28,108,16.0,114,29,114,28,False,73.9,25,100,100,300,73.02,100.1,1.0,16.0,20000.0,2.0,200.0,0.0,1.0,1.0,0.11,200.0,2.0,0.3100032,5.0,20000.0,1.0,2.0,200.0,1.0,0.0,4.6000000000000005,4096.0,2304.0,4.6000000000000005,20000.0,100.0,2.0,200.0,0.0,100.0,1.0,1.0,0.3104208,3.2214336152732033,7.2e-06,0.638888888888889,1.0,0.1,1.0,1.0,3.0,1.0,0.0,2.0,0.0009999999999999998,2.0,0.0,2.0,1.0,2.0,256.0,51248.0,916.0,2.0,1.0,-20.0,2308.0,100.0,2.0,792.0,100.0,2.0,5.0,0.0,3.0,0.0004104,2.88e-05,0.0,0.3104352,0.00042479999999999997,1.0,2.0,0.0,3.0,1.0,2.0,2.0,1.0,b'IMAGE',b'IMAGE_GRAYSCALE',b'1.2',0,Orca_Camera,False,tweez,0.09,1.5,0.432,15,True,74.94,24,110,True,False,73.7,74.6,20,0.5,10,40,10,10,0.09,0.377,0.43,0.9,35,Z:\Experiments\Sr\Selection_experiment\2024\10\23\0042\2024-10-23_0042_Selection_experiment_027.h5,abs,basler_abs,orca,2.5,0.1,209,28,F:\Experiments\Sr\Selection_experiment\2024\10\23\0042\2024-10-23_0042_Selection_experiment_027.h5,False,True,340,340,Selection_experiment.py,150,True,True,True,1,189,1.0,26.5,30,27,0,2024-10-23 18:50:47.188915+02:00,2024-10-23 18:49:16+02:00,42,75.455,100,True,170,28,True
60,19.7,0,0,0,24.0,40.0,15.0,3.375,3.390625,1.4375,12.8,21.6,21.7,9.2,40.453125,62.394287,25.152344,False,10.0,1,0.5,80,28,108,18.0,114,29,114,28,False,73.9,25,100,100,300,73.02,100.1,1.0,16.0,20000.0,2.0,200.0,0.0,1.0,1.0,0.11,200.0,2.0,0.010000799999999999,5.0,20000.0,1.0,2.0,200.0,1.0,0.0,4.6000000000000005,4096.0,2304.0,4.6000000000000005,20000.0,100.0,2.0,200.0,0.0,100.0,1.0,1.0,0.0104184,95.98402825769793,7.2e-06,0.638888888888889,1.0,0.1,1.0,1.0,3.0,1.0,0.0,2.0,0.0009999999999999998,2.0,0.0,2.0,1.0,2.0,256.0,51248.0,916.0,2.0,1.0,-20.0,2308.0,100.0,2.0,792.0,100.0,2.0,5.0,0.0,3.0,0.0004104,2.88e-05,0.0,0.010432799999999999,0.00042479999999999997,1.0,2.0,0.0,3.0,1.0,2.0,2.0,1.0,b'IMAGE',b'IMAGE_GRAYSCALE',b'1.2',0,Orca_Camera,False,tweez,0.09,1.5,0.432,15,True,74.94,24,110,True,False,73.7,74.6,20,0.5,10,40,10,10,0.09,0.377,0.43,0.9,35,Z:\Experiments\Sr\Selection_experiment\2024\10\23\0042\2024-10-23_0042_Selection_experiment_028.h5,abs,basler_abs,orca,2.5,0.1,209,28,F:\Experiments\Sr\Selection_experiment\2024\10\23\0042\2024-10-23_0042_Selection_experiment_028.h5,False,True,340,340,Selection_experiment.py,150,True,True,True,1,189,1.0,26.5,30,28,0,2024-10-23 18:50:50.299657+02:00,2024-10-23 18:49:16+02:00,42,75.455,100,True,170,28,True
60,19.7,1,1,1,84.0,91.0,53.0,16.765625,16.34375,9.203125,18.5,107.3,104.6,58.9,290.74194,288.19434,126.974365,False,60.0,1,0.5,80,28,108,18.0,114,29,114,28,False,73.9,25,100,100,300,73.02,100.1,1.0,16.0,20000.0,2.0,200.0,0.0,1.0,1.0,0.11,200.0,2.0,0.0600048,5.0,20000.0,1.0,2.0,200.0,1.0,0.0,4.6000000000000005,4096.0,2304.0,4.6000000000000005,20000.0,100.0,2.0,200.0,0.0,100.0,1.0,1.0,0.060422399999999994,16.550153585425274,7.2e-06,0.638888888888889,1.0,0.1,1.0,1.0,3.0,1.0,0.0,2.0,0.0009999999999999998,2.0,0.0,2.0,1.0,2.0,256.0,51248.0,916.0,2.0,1.0,-20.0,2308.0,100.0,2.0,792.0,100.0,2.0,5.0,0.0,3.0,0.0004104,2.88e-05,0.0,0.06043679999999999,0.00042479999999999997,1.0,2.0,0.0,3.0,1.0,2.0,2.0,1.0,b'IMAGE',b'IMAGE_GRAYSCALE',b'1.2',0,Orca_Camera,False,tweez,0.09,1.5,0.432,15,True,74.94,24,110,True,False,73.7,74.6,20,0.5,10,40,10,10,0.09,0.377,0.43,0.9,35,Z:\Experiments\Sr\Selection_experiment\2024\10\23\0042\2024-10-23_0042_Selection_experiment_029.h5,abs,basler_abs,orca,2.5,0.1,209,28,F:\Experiments\Sr\Selection_experiment\2024\10\23\0042\2024-10-23_0042_Selection_experiment_029.h5,False,True,340,340,Selection_experiment.py,150,True,True,True,1,189,1.0,26.5,30,29,0,2024-10-23 18:50:52.787300+02:00,2024-10-23 18:49:16+02:00,42,75.455,100,True,170,28,True
60,19.7,1,1,1,136.0,148.0,75.0,27.921875,23.03125,18.453125,18.6,178.7,147.4,118.1,986.6345,637.5615,314.8728,False,110.0,1,0.5,80,28,108,18.0,114,29,114,28,False,73.9,25,100,100,300,73.02,100.1,1.0,16.0,20000.0,2.0,200.0,0.0,1.0,1.0,0.11,200.0,2.0,0.11000159999999999,5.0,20000.0,1.0,2.0,200.0,1.0,0.0,4.6000000000000005,4096.0,2304.0,4.6000000000000005,20000.0,100.0,2.0,200.0,0.0,100.0,1.0,1.0,0.1104192,9.056395989103345,7.2e-06,0.638888888888889,1.0,0.1,1.0,1.0,3.0,1.0,0.0,2.0,0.0009999999999999998,2.0,0.0,2.0,1.0,2.0,256.0,51248.0,916.0,2.0,1.0,-20.0,2308.0,100.0,2.0,792.0,100.0,2.0,5.0,0.0,3.0,0.0004104,2.88e-05,0.0,0.11043359999999999,0.00042479999999999997,1.0,2.0,0.0,3.0,1.0,2.0,2.0,1.0,b'IMAGE',b'IMAGE_GRAYSCALE',b'1.2',0,Orca_Camera,False,tweez,0.09,1.5,0.432,15,True,74.94,24,110,True,False,73.7,74.6,20,0.5,10,40,10,10,0.09,0.377,0.43,0.9,35,Z:\Experiments\Sr\Selection_experiment\2024\10\23\0042\2024-10-23_0042_Selection_experiment_030.h5,abs,basler_abs,orca,2.5,0.1,209,28,F:\Experiments\Sr\Selection_experiment\2024\10\23\0042\2024-10-23_0042_Selection_experiment_030.h5,False,True,340,340,Selection_experiment.py,150,True,True,True,1,189,1.0,26.5,30,30,0,2024-10-23 18:50:55.197789+02:00,2024-10-23 18:49:16+02:00,42,75.455,100,True,170,28,True
60,19.7,1,1,1,90.0,141.0,105.0,31.34375,33.21875,15.828125,18.5,200.6,212.6,101.3,623.9131,1088.8271,394.4548,False,160.0,1,0.5,80,28,108,18.0,114,29,114,28,False,73.9,25,100,100,300,73.02,100.1,1.0,16.0,20000.0,2.0,200.0,0.0,1.0,1.0,0.11,200.0,2.0,0.1600056,5.0,20000.0,1.0,2.0,200.0,1.0,0.0,4.6000000000000005,4096.0,2304.0,4.6000000000000005,20000.0,100.0,2.0,200.0,0.0,100.0,1.0,1.0,0.1604232,6.233512359808308,7.2e-06,0.638888888888889,1.0,0.1,1.0,1.0,3.0,1.0,0.0,2.0,0.0009999999999999998,2.0,0.0,2.0,1.0,2.0,256.0,51248.0,916.0,2.0,1.0,-20.0,2308.0,100.0,2.0,792.0,100.0,2.0,5.0,0.0,3.0,0.0004104,2.88e-05,0.0,0.16043759999999999,0.00042479999999999997,1.0,2.0,0.0,3.0,1.0,2.0,2.0,1.0,b'IMAGE',b'IMAGE_GRAYSCALE',b'1.2',0,Orca_Camera,False,tweez,0.09,1.5,0.432,15,True,74.94,24,110,True,False,73.7,74.6,20,0.5,10,40,10,10,0.09,0.377,0.43,0.9,35,Z:\Experiments\Sr\Selection_experiment\2024\10\23\0042\2024-10-23_0042_Selection_experiment_031.h5,abs,basler_abs,orca,2.5,0.1,209,28,F:\Experiments\Sr\Selection_experiment\2024\10\23\0042\2024-10-23_0042_Selection_experiment_031.h5,False,True,340,340,Selection_experiment.py,150,True,True,True,1,189,1.0,26.5,30,31,0,2024-10-23 18:50:57.555979+02:00,2024-10-23 18:49:16+02:00,42,75.455,100,True,170,28,True
60,19.7,1,1,1,192.0,215.0,121.0,37.265625,38.5,21.34375,38.4,238.5,246.4,136.6,1845.07,1771.0,548.88184,False,210.0,1,0.5,80,28,108,18.0,114,29,114,28,False,73.9,25,100,100,300,73.02,100.1,1.0,16.0,20000.0,2.0,200.0,0.0,1.0,1.0,0.11,200.0,2.0,0.21000239999999998,5.0,20000.0,1.0,2.0,200.0,1.0,0.0,4.6000000000000005,4096.0,2304.0,4.6000000000000005,20000.0,100.0,2.0,200.0,0.0,100.0,1.0,1.0,0.21042,4.7523999619808,7.2e-06,0.638888888888889,1.0,0.1,1.0,1.0,3.0,1.0,0.0,2.0,0.0009999999999999998,2.0,0.0,2.0,1.0,2.0,256.0,51248.0,916.0,2.0,1.0,-20.0,2308.0,100.0,2.0,792.0,100.0,2.0,5.0,0.0,3.0,0.0004104,2.88e-05,0.0,0.2104344,0.00042479999999999997,1.0,2.0,0.0,3.0,1.0,2.0,2.0,1.0,b'IMAGE',b'IMAGE_GRAYSCALE',b'1.2',0,Orca_Camera,False,tweez,0.09,1.5,0.432,15,True,74.94,24,110,True,False,73.7,74.6,20,0.5,10,40,10,10,0.09,0.377,0.43,0.9,35,Z:\Experiments\Sr\Selection_experiment\2024\10\23\0042\2024-10-23_0042_Selection_experiment_032.h5,abs,basler_abs,orca,2.5,0.1,209,28,F:\Experiments\Sr\Selection_experiment\2024\10\23\0042\2024-10-23_0042_Selection_experiment_032.h5,False,True,340,340,Selection_experiment.py,150,True,True,True,1,189,1.0,26.5,30,32,0,2024-10-23 18:50:59.974929+02:00,2024-10-23 18:49:16+02:00,42,75.455,100,True,170,28,True
60,19.7,1,1,1,211.0,160.0,112.0,41.921875,36.25,19.78125,46.9,268.3,232.0,126.6,1619.6033,1077.5312,498.13965,False,260.0,1,0.5,80,28,108,18.0,114,29,114,28,False,73.9,25,100,100,300,73.02,100.1,1.0,16.0,20000.0,2.0,200.0,0.0,1.0,1.0,0.11,200.0,2.0,0.26000639999999997,5.0,20000.0,1.0,2.0,200.0,1.0,0.0,4.6000000000000005,4096.0,2304.0,4.6000000000000005,20000.0,100.0,2.0,200.0,0.0,100.0,1.0,1.0,0.260424,3.8398918686449792,7.2e-06,0.638888888888889,1.0,0.1,1.0,1.0,3.0,1.0,0.0,2.0,0.0009999999999999998,2.0,0.0,2.0,1.0,2.0,256.0,51248.0,916.0,2.0,1.0,-20.0,2308.0,100.0,2.0,792.0,100.0,2.0,5.0,0.0,3.0,0.0004104,2.88e-05,0.0,0.2604384,0.00042479999999999997,1.0,2.0,0.0,3.0,1.0,2.0,2.0,1.0,b'IMAGE',b'IMAGE_GRAYSCALE',b'1.2',0,Orca_Camera,False,tweez,0.09,1.5,0.432,15,True,74.94,24,110,True,False,73.7,74.6,20,0.5,10,40,10,10,0.09,0.377,0.43,0.9,35,Z:\Experiments\Sr\Selection_experiment\2024\10\23\0042\2024-10-23_0042_Selection_experiment_033.h5,abs,basler_abs,orca,2.5,0.1,209,28,F:\Experiments\Sr\Selection_experiment\2024\10\23\0042\2024-10-23_0042_Selection_experiment_033.h5,False,True,340,340,Selection_experiment.py,150,True,True,True,1,189,1.0,26.5,30,33,0,2024-10-23 18:51:02.488998+02:00,2024-10-23 18:49:16+02:00,42,75.455,100,True,170,28,True
60,19.7,1,1,1,216.0,197.0,94.0,43.6875,36.59375,22.640625,26.1,279.6,234.2,144.9,1710.3398,1414.7411,423.48022,False,310.0,1,0.5,80,28,108,18.0,114,29,114,28,False,73.9,25,100,100,300,73.02,100.1,1.0,16.0,20000.0,2.0,200.0,0.0,1.0,1.0,0.11,200.0,2.0,0.3100032,5.0,20000.0,1.0,2.0,200.0,1.0,0.0,4.6000000000000005,4096.0,2304.0,4.6000000000000005,20000.0,100.0,2.0,200.0,0.0,100.0,1.0,1.0,0.3104208,3.2214336152732033,7.2e-06,0.638888888888889,1.0,0.1,1.0,1.0,3.0,1.0,0.0,2.0,0.0009999999999999998,2.0,0.0,2.0,1.0,2.0,256.0,51248.0,916.0,2.0,1.0,-20.0,2308.0,100.0,2.0,792.0,100.0,2.0,5.0,0.0,3.0,0.0004104,2.88e-05,0.0,0.3104352,0.00042479999999999997,1.0,2.0,0.0,3.0,1.0,2.0,2.0,1.0,b'IMAGE',b'IMAGE_GRAYSCALE',b'1.2',0,Orca_Camera,False,tweez,0.09,1.5,0.432,15,True,74.94,24,110,True,False,73.7,74.6,20,0.5,10,40,10,10,0.09,0.377,0.43,0.9,35,Z:\Experiments\Sr\Selection_experiment\2024\10\23\0042\2024-10-23_0042_Selection_experiment_034.h5,abs,basler_abs,orca,2.5,0.1,209,28,F:\Experiments\Sr\Selection_experiment\2024\10\23\0042\2024-10-23_0042_Selection_experiment_034.h5,False,True,340,340,Selection_experiment.py,150,True,True,True,1,189,1.0,26.5,30,34,0,2024-10-23 18:51:05.520962+02:00,2024-10-23 18:49:16+02:00,42,75.455,100,True,170,28,True
60,19.7,1,0,0,35.0,32.0,15.0,6.640625,4.90625,2.640625,15.9,42.5,31.4,16.9,67.917725,55.99121,31.698975,False,10.0,1,0.5,80,28,108,20.0,114,29,114,28,False,73.9,25,100,100,300,73.02,100.1,1.0,16.0,20000.0,2.0,200.0,0.0,1.0,1.0,0.11,200.0,2.0,0.010000799999999999,5.0,20000.0,1.0,2.0,200.0,1.0,0.0,4.6000000000000005,4096.0,2304.0,4.6000000000000005,20000.0,100.0,2.0,200.0,0.0,100.0,1.0,1.0,0.0104184,95.98402825769793,7.2e-06,0.638888888888889,1.0,0.1,1.0,1.0,3.0,1.0,0.0,2.0,0.0009999999999999998,2.0,0.0,2.0,1.0,2.0,256.0,51248.0,916.0,2.0,1.0,-20.0,2308.0,100.0,2.0,792.0,100.0,2.0,5.0,0.0,3.0,0.0004104,2.88e-05,0.0,0.010432799999999999,0.00042479999999999997,1.0,2.0,0.0,3.0,1.0,2.0,2.0,1.0,b'IMAGE',b'IMAGE_GRAYSCALE',b'1.2',0,Orca_Camera,False,tweez,0.09,1.5,0.432,15,True,74.94,24,110,True,False,73.7,74.6,20,0.5,10,40,10,10,0.09,0.377,0.43,0.9,35,Z:\Experiments\Sr\Selection_experiment\2024\10\23\0042\2024-10-23_0042_Selection_experiment_035.h5,abs,basler_abs,orca,2.5,0.1,209,28,F:\Experiments\Sr\Selection_experiment\2024\10\23\0042\2024-10-23_0042_Selection_experiment_035.h5,False,True,340,340,Selection_experiment.py,150,True,True,True,1,189,1.0,26.5,30,35,0,2024-10-23 18:51:08.491395+02:00,2024-10-23 18:49:16+02:00,42,75.455,100,True,170,28,True
60,19.7,1,1,1,119.0,194.0,76.0,26.140625,33.421875,16.046875,23.9,167.3,213.9,102.7,610.99585,1716.2753,271.35718,False,60.0,1,0.5,80,28,108,20.0,114,29,114,28,False,73.9,25,100,100,300,73.02,100.1,1.0,16.0,20000.0,2.0,200.0,0.0,1.0,1.0,0.11,200.0,2.0,0.0600048,5.0,20000.0,1.0,2.0,200.0,1.0,0.0,4.6000000000000005,4096.0,2304.0,4.6000000000000005,20000.0,100.0,2.0,200.0,0.0,100.0,1.0,1.0,0.060422399999999994,16.550153585425274,7.2e-06,0.638888888888889,1.0,0.1,1.0,1.0,3.0,1.0,0.0,2.0,0.0009999999999999998,2.0,0.0,2.0,1.0,2.0,256.0,51248.0,916.0,2.0,1.0,-20.0,2308.0,100.0,2.0,792.0,100.0,2.0,5.0,0.0,3.0,0.0004104,2.88e-05,0.0,0.06043679999999999,0.00042479999999999997,1.0,2.0,0.0,3.0,1.0,2.0,2.0,1.0,b'IMAGE',b'IMAGE_GRAYSCALE',b'1.2',0,Orca_Camera,False,tweez,0.09,1.5,0.432,15,True,74.94,24,110,True,False,73.7,74.6,20,0.5,10,40,10,10,0.09,0.377,0.43,0.9,35,Z:\Experiments\Sr\Selection_experiment\2024\10\23\0042\2024-10-23_0042_Selection_experiment_036.h5,abs,basler_abs,orca,2.5,0.1,209,28,F:\Experiments\Sr\Selection_experiment\2024\10\23\0042\2024-10-23_0042_Selection_experiment_036.h5,False,True,340,340,Selection_experiment.py,150,True,True,True,1,189,1.0,26.5,30,36,0,2024-10-23 18:51:10.924943+02:00,2024-10-23 18:49:16+02:00,42,75.455,100,True,170,28,True
60,19.7,1,1,1,161.0,340.0,87.0,32.9375,37.859375,16.671875,20.8,210.8,242.3,106.7,1275.3398,2312.9648,379.00168,False,110.0,1,0.5,80,28,108,20.0,114,29,114,28,False,73.9,25,100,100,300,73.02,100.1,1.0,16.0,20000.0,2.0,200.0,0.0,1.0,1.0,0.11,200.0,2.0,0.11000159999999999,5.0,20000.0,1.0,2.0,200.0,1.0,0.0,4.6000000000000005,4096.0,2304.0,4.6000000000000005,20000.0,100.0,2.0,200.0,0.0,100.0,1.0,1.0,0.1104192,9.056395989103345,7.2e-06,0.638888888888889,1.0,0.1,1.0,1.0,3.0,1.0,0.0,2.0,0.0009999999999999998,2.0,0.0,2.0,1.0,2.0,256.0,51248.0,916.0,2.0,1.0,-20.0,2308.0,100.0,2.0,792.0,100.0,2.0,5.0,0.0,3.0,0.0004104,2.88e-05,0.0,0.11043359999999999,0.00042479999999999997,1.0,2.0,0.0,3.0,1.0,2.0,2.0,1.0,b'IMAGE',b'IMAGE_GRAYSCALE',b'1.2',0,Orca_Camera,False,tweez,0.09,1.5,0.432,15,True,74.94,24,110,True,False,73.7,74.6,20,0.5,10,40,10,10,0.09,0.377,0.43,0.9,35,Z:\Experiments\Sr\Selection_experiment\2024\10\23\0042\2024-10-23_0042_Selection_experiment_037.h5,abs,basler_abs,orca,2.5,0.1,209,28,F:\Experiments\Sr\Selection_experiment\2024\10\23\0042\2024-10-23_0042_Selection_experiment_037.h5,False,True,340,340,Selection_experiment.py,150,True,True,True,1,189,1.0,26.5,30,37,0,2024-10-23 18:51:13.278456+02:00,2024-10-23 18:49:16+02:00,42,75.455,100,True,170,28,True
60,19.7,0,0,0,23.0,29.0,25.0,3.5,5.4375,3.4375,31.5,22.4,34.8,22.0,52.8125,54.527344,44.246094,False,160.0,1,0.5,80,28,108,20.0,114,29,114,28,False,73.9,25,100,100,300,73.02,100.1,1.0,16.0,20000.0,2.0,200.0,0.0,1.0,1.0,0.11,200.0,2.0,0.1600056,5.0,20000.0,1.0,2.0,200.0,1.0,0.0,4.6000000000000005,4096.0,2304.0,4.6000000000000005,20000.0,100.0,2.0,200.0,0.0,100.0,1.0,1.0,0.1604232,6.233512359808308,7.2e-06,0.638888888888889,1.0,0.1,1.0,1.0,3.0,1.0,0.0,2.0,0.0009999999999999998,2.0,0.0,2.0,1.0,2.0,256.0,51248.0,916.0,2.0,1.0,-20.0,2308.0,100.0,2.0,792.0,100.0,2.0,5.0,0.0,3.0,0.0004104,2.88e-05,0.0,0.16043759999999999,0.00042479999999999997,1.0,2.0,0.0,3.0,1.0,2.0,2.0,1.0,b'IMAGE',b'IMAGE_GRAYSCALE',b'1.2',0,Orca_Camera,False,tweez,0.09,1.5,0.432,15,True,74.94,24,110,True,False,73.7,74.6,20,0.5,10,40,10,10,0.09,0.377,0.43,0.9,35,Z:\Experiments\Sr\Selection_experiment\2024\10\23\0042\2024-10-23_0042_Selection_experiment_038.h5,abs,basler_abs,orca,2.5,0.1,209,28,F:\Experiments\Sr\Selection_experiment\2024\10\23\0042\2024-10-23_0042_Selection_experiment_038.h5,False,True,340,340,Selection_experiment.py,150,True,True,True,1,189,1.0,26.5,30,38,0,2024-10-23 18:51:15.776433+02:00,2024-10-23 18:49:16+02:00,42,75.455,100,True,170,28,True
60,19.7,1,1,1,156.0,237.0,74.0,41.046875,39.796875,19.3125,40.7,262.7,254.7,123.6,1526.7634,2016.6617,241.08984,False,210.0,1,0.5,80,28,108,20.0,114,29,114,28,False,73.9,25,100,100,300,73.02,100.1,1.0,16.0,20000.0,2.0,200.0,0.0,1.0,1.0,0.11,200.0,2.0,0.21000239999999998,5.0,20000.0,1.0,2.0,200.0,1.0,0.0,4.6000000000000005,4096.0,2304.0,4.6000000000000005,20000.0,100.0,2.0,200.0,0.0,100.0,1.0,1.0,0.21042,4.7523999619808,7.2e-06,0.638888888888889,1.0,0.1,1.0,1.0,3.0,1.0,0.0,2.0,0.0009999999999999998,2.0,0.0,2.0,1.0,2.0,256.0,51248.0,916.0,2.0,1.0,-20.0,2308.0,100.0,2.0,792.0,100.0,2.0,5.0,0.0,3.0,0.0004104,2.88e-05,0.0,0.2104344,0.00042479999999999997,1.0,2.0,0.0,3.0,1.0,2.0,2.0,1.0,b'IMAGE',b'IMAGE_GRAYSCALE',b'1.2',0,Orca_Camera,False,tweez,0.09,1.5,0.432,15,True,74.94,24,110,True,False,73.7,74.6,20,0.5,10,40,10,10,0.09,0.377,0.43,0.9,35,Z:\Experiments\Sr\Selection_experiment\2024\10\23\0042\2024-10-23_0042_Selection_experiment_039.h5,abs,basler_abs,orca,2.5,0.1,209,28,F:\Experiments\Sr\Selection_experiment\2024\10\23\0042\2024-10-23_0042_Selection_experiment_039.h5,False,True,340,340,Selection_experiment.py,150,True,True,True,1,189,1.0,26.5,30,39,0,2024-10-23 18:51:18.189471+02:00,2024-10-23 18:49:16+02:00,42,75.455,100,True,170,28,True
60,19.7,1,1,1,186.0,220.0,114.0,44.46875,43.484375,21.078125,36.4,284.6,278.3,134.9,1521.374,2022.8121,533.7908,False,260.0,1,0.5,80,28,108,20.0,114,29,114,28,False,73.9,25,100,100,300,73.02,100.1,1.0,16.0,20000.0,2.0,200.0,0.0,1.0,1.0,0.11,200.0,2.0,0.26000639999999997,5.0,20000.0,1.0,2.0,200.0,1.0,0.0,4.6000000000000005,4096.0,2304.0,4.6000000000000005,20000.0,100.0,2.0,200.0,0.0,100.0,1.0,1.0,0.260424,3.8398918686449792,7.2e-06,0.638888888888889,1.0,0.1,1.0,1.0,3.0,1.0,0.0,2.0,0.0009999999999999998,2.0,0.0,2.0,1.0,2.0,256.0,51248.0,916.0,2.0,1.0,-20.0,2308.0,100.0,2.0,792.0,100.0,2.0,5.0,0.0,3.0,0.0004104,2.88e-05,0.0,0.2604384,0.00042479999999999997,1.0,2.0,0.0,3.0,1.0,2.0,2.0,1.0,b'IMAGE',b'IMAGE_GRAYSCALE',b'1.2',0,Orca_Camera,False,tweez,0.09,1.5,0.432,15,True,74.94,24,110,True,False,73.7,74.6,20,0.5,10,40,10,10,0.09,0.377,0.43,0.9,35,Z:\Experiments\Sr\Selection_experiment\2024\10\23\0042\2024-10-23_0042_Selection_experiment_040.h5,abs,basler_abs,orca,2.5,0.1,209,28,F:\Experiments\Sr\Selection_experiment\2024\10\23\0042\2024-10-23_0042_Selection_experiment_040.h5,False,True,340,340,Selection_experiment.py,150,True,True,True,1,189,1.0,26.5,30,40,0,2024-10-23 18:51:20.670518+02:00,2024-10-23 18:49:16+02:00,42,75.455,100,True,170,28,True
60,19.7,1,1,1,233.0,213.0,143.0,42.171875,52.28125,29.109375,44.9,269.9,334.6,186.3,1838.5486,2309.7021,917.0661,False,310.0,1,0.5,80,28,108,20.0,114,29,114,28,False,73.9,25,100,100,300,73.02,100.1,1.0,16.0,20000.0,2.0,200.0,0.0,1.0,1.0,0.11,200.0,2.0,0.3100032,5.0,20000.0,1.0,2.0,200.0,1.0,0.0,4.6000000000000005,4096.0,2304.0,4.6000000000000005,20000.0,100.0,2.0,200.0,0.0,100.0,1.0,1.0,0.3104208,3.2214336152732033,7.2e-06,0.638888888888889,1.0,0.1,1.0,1.0,3.0,1.0,0.0,2.0,0.0009999999999999998,2.0,0.0,2.0,1.0,2.0,256.0,51248.0,916.0,2.0,1.0,-20.0,2308.0,100.0,2.0,792.0,100.0,2.0,5.0,0.0,3.0,0.0004104,2.88e-05,0.0,0.3104352,0.00042479999999999997,1.0,2.0,0.0,3.0,1.0,2.0,2.0,1.0,b'IMAGE',b'IMAGE_GRAYSCALE',b'1.2',0,Orca_Camera,False,tweez,0.09,1.5,0.432,15,True,74.94,24,110,True,False,73.7,74.6,20,0.5,10,40,10,10,0.09,0.377,0.43,0.9,35,Z:\Experiments\Sr\Selection_experiment\2024\10\23\0042\2024-10-23_0042_Selection_experiment_041.h5,abs,basler_abs,orca,2.5,0.1,209,28,F:\Experiments\Sr\Selection_experiment\2024\10\23\0042\2024-10-23_0042_Selection_experiment_041.h5,False,True,340,340,Selection_experiment.py,150,True,True,True,1,189,1.0,26.5,30,41,0,2024-10-23 18:51:23.638556+02:00,2024-10-23 18:49:16+02:00,42,75.455,100,True,170,28,True
60,19.7,1,1,0,56.0,44.0,26.0,11.421875,8.53125,5.578125,16.4,73.1,54.6,35.7,162.1189,133.93652,60.775146,False,10.0,1,0.5,80,28,108,22.0,114,29,114,28,False,73.9,25,100,100,300,73.02,100.1,1.0,16.0,20000.0,2.0,200.0,0.0,1.0,1.0,0.11,200.0,2.0,0.010000799999999999,5.0,20000.0,1.0,2.0,200.0,1.0,0.0,4.6000000000000005,4096.0,2304.0,4.6000000000000005,20000.0,100.0,2.0,200.0,0.0,100.0,1.0,1.0,0.0104184,95.98402825769793,7.2e-06,0.638888888888889,1.0,0.1,1.0,1.0,3.0,1.0,0.0,2.0,0.0009999999999999998,2.0,0.0,2.0,1.0,2.0,256.0,51248.0,916.0,2.0,1.0,-20.0,2308.0,100.0,2.0,792.0,100.0,2.0,5.0,0.0,3.0,0.0004104,2.88e-05,0.0,0.010432799999999999,0.00042479999999999997,1.0,2.0,0.0,3.0,1.0,2.0,2.0,1.0,b'IMAGE',b'IMAGE_GRAYSCALE',b'1.2',0,Orca_Camera,False,tweez,0.09,1.5,0.432,15,True,74.94,24,110,True,False,73.7,74.6,20,0.5,10,40,10,10,0.09,0.377,0.43,0.9,35,Z:\Experiments\Sr\Selection_experiment\2024\10\23\0042\2024-10-23_0042_Selection_experiment_042.h5,abs,basler_abs,orca,2.5,0.1,209,28,F:\Experiments\Sr\Selection_experiment\2024\10\23\0042\2024-10-23_0042_Selection_experiment_042.h5,False,True,340,340,Selection_experiment.py,150,True,True,True,1,189,1.0,26.5,30,42,0,2024-10-23 18:51:26.621317+02:00,2024-10-23 18:49:16+02:00,42,75.455,100,True,170,28,True
60,19.7,1,1,1,140.0,165.0,92.0,34.28125,36.578125,15.3125,24.1,219.4,234.1,98.0,865.45215,1230.4314,428.90234,False,60.0,1,0.5,80,28,108,22.0,114,29,114,28,False,73.9,25,100,100,300,73.02,100.1,1.0,16.0,20000.0,2.0,200.0,0.0,1.0,1.0,0.11,200.0,2.0,0.0600048,5.0,20000.0,1.0,2.0,200.0,1.0,0.0,4.6000000000000005,4096.0,2304.0,4.6000000000000005,20000.0,100.0,2.0,200.0,0.0,100.0,1.0,1.0,0.060422399999999994,16.550153585425274,7.2e-06,0.638888888888889,1.0,0.1,1.0,1.0,3.0,1.0,0.0,2.0,0.0009999999999999998,2.0,0.0,2.0,1.0,2.0,256.0,51248.0,916.0,2.0,1.0,-20.0,2308.0,100.0,2.0,792.0,100.0,2.0,5.0,0.0,3.0,0.0004104,2.88e-05,0.0,0.06043679999999999,0.00042479999999999997,1.0,2.0,0.0,3.0,1.0,2.0,2.0,1.0,b'IMAGE',b'IMAGE_GRAYSCALE',b'1.2',0,Orca_Camera,False,tweez,0.09,1.5,0.432,15,True,74.94,24,110,True,False,73.7,74.6,20,0.5,10,40,10,10,0.09,0.377,0.43,0.9,35,Z:\Experiments\Sr\Selection_experiment\2024\10\23\0042\2024-10-23_0042_Selection_experiment_043.h5,abs,basler_abs,orca,2.5,0.1,209,28,F:\Experiments\Sr\Selection_experiment\2024\10\23\0042\2024-10-23_0042_Selection_experiment_043.h5,False,True,340,340,Selection_experiment.py,150,True,True,True,1,189,1.0,26.5,30,43,0,2024-10-23 18:51:28.992239+02:00,2024-10-23 18:49:16+02:00,42,75.455,100,True,170,28,True
60,19.7,1,1,1,216.0,143.0,92.0,46.21875,37.15625,23.28125,23.5,295.8,237.8,149.0,2116.546,1188.3193,465.88965,False,110.0,1,0.5,80,28,108,22.0,114,29,114,28,False,73.9,25,100,100,300,73.02,100.1,1.0,16.0,20000.0,2.0,200.0,0.0,1.0,1.0,0.11,200.0,2.0,0.11000159999999999,5.0,20000.0,1.0,2.0,200.0,1.0,0.0,4.6000000000000005,4096.0,2304.0,4.6000000000000005,20000.0,100.0,2.0,200.0,0.0,100.0,1.0,1.0,0.1104192,9.056395989103345,7.2e-06,0.638888888888889,1.0,0.1,1.0,1.0,3.0,1.0,0.0,2.0,0.0009999999999999998,2.0,0.0,2.0,1.0,2.0,256.0,51248.0,916.0,2.0,1.0,-20.0,2308.0,100.0,2.0,792.0,100.0,2.0,5.0,0.0,3.0,0.0004104,2.88e-05,0.0,0.11043359999999999,0.00042479999999999997,1.0,2.0,0.0,3.0,1.0,2.0,2.0,1.0,b'IMAGE',b'IMAGE_GRAYSCALE',b'1.2',0,Orca_Camera,False,tweez,0.09,1.5,0.432,15,True,74.94,24,110,True,False,73.7,74.6,20,0.5,10,40,10,10,0.09,0.377,0.43,0.9,35,Z:\Experiments\Sr\Selection_experiment\2024\10\23\0042\2024-10-23_0042_Selection_experiment_044.h5,abs,basler_abs,orca,2.5,0.1,209,28,F:\Experiments\Sr\Selection_experiment\2024\10\23\0042\2024-10-23_0042_Selection_experiment_044.h5,False,True,340,340,Selection_experiment.py,150,True,True,True,1,189,1.0,26.5,30,44,0,2024-10-23 18:51:31.405003+02:00,2024-10-23 18:49:16+02:00,42,75.455,100,True,170,28,True
60,19.7,1,1,1,185.0,215.0,65.0,42.953125,43.671875,18.453125,29.7,274.9,279.5,118.1,1397.9822,1956.9705,318.27905,False,160.0,1,0.5,80,28,108,22.0,114,29,114,28,False,73.9,25,100,100,300,73.02,100.1,1.0,16.0,20000.0,2.0,200.0,0.0,1.0,1.0,0.11,200.0,2.0,0.1600056,5.0,20000.0,1.0,2.0,200.0,1.0,0.0,4.6000000000000005,4096.0,2304.0,4.6000000000000005,20000.0,100.0,2.0,200.0,0.0,100.0,1.0,1.0,0.1604232,6.233512359808308,7.2e-06,0.638888888888889,1.0,0.1,1.0,1.0,3.0,1.0,0.0,2.0,0.0009999999999999998,2.0,0.0,2.0,1.0,2.0,256.0,51248.0,916.0,2.0,1.0,-20.0,2308.0,100.0,2.0,792.0,100.0,2.0,5.0,0.0,3.0,0.0004104,2.88e-05,0.0,0.16043759999999999,0.00042479999999999997,1.0,2.0,0.0,3.0,1.0,2.0,2.0,1.0,b'IMAGE',b'IMAGE_GRAYSCALE',b'1.2',0,Orca_Camera,False,tweez,0.09,1.5,0.432,15,True,74.94,24,110,True,False,73.7,74.6,20,0.5,10,40,10,10,0.09,0.377,0.43,0.9,35,Z:\Experiments\Sr\Selection_experiment\2024\10\23\0042\2024-10-23_0042_Selection_experiment_045.h5,abs,basler_abs,orca,2.5,0.1,209,28,F:\Experiments\Sr\Selection_experiment\2024\10\23\0042\2024-10-23_0042_Selection_experiment_045.h5,False,True,340,340,Selection_experiment.py,150,True,True,True,1,189,1.0,26.5,30,45,0,2024-10-23 18:51:33.834996+02:00,2024-10-23 18:49:16+02:00,42,75.455,100,True,170,28,True
60,19.7,1,1,1,198.0,284.0,94.0,46.0,51.328125,23.484375,35.0,294.4,328.5,150.3,1639.5,2953.1267,421.03098,False,210.0,1,0.5,80,28,108,22.0,114,29,114,28,False,73.9,25,100,100,300,73.02,100.1,1.0,16.0,20000.0,2.0,200.0,0.0,1.0,1.0,0.11,200.0,2.0,0.21000239999999998,5.0,20000.0,1.0,2.0,200.0,1.0,0.0,4.6000000000000005,4096.0,2304.0,4.6000000000000005,20000.0,100.0,2.0,200.0,0.0,100.0,1.0,1.0,0.21042,4.7523999619808,7.2e-06,0.638888888888889,1.0,0.1,1.0,1.0,3.0,1.0,0.0,2.0,0.0009999999999999998,2.0,0.0,2.0,1.0,2.0,256.0,51248.0,916.0,2.0,1.0,-20.0,2308.0,100.0,2.0,792.0,100.0,2.0,5.0,0.0,3.0,0.0004104,2.88e-05,0.0,0.2104344,0.00042479999999999997,1.0,2.0,0.0,3.0,1.0,2.0,2.0,1.0,b'IMAGE',b'IMAGE_GRAYSCALE',b'1.2',0,Orca_Camera,False,tweez,0.09,1.5,0.432,15,True,74.94,24,110,True,False,73.7,74.6,20,0.5,10,40,10,10,0.09,0.377,0.43,0.9,35,Z:\Experiments\Sr\Selection_experiment\2024\10\23\0042\2024-10-23_0042_Selection_experiment_046.h5,abs,basler_abs,orca,2.5,0.1,209,28,F:\Experiments\Sr\Selection_experiment\2024\10\23\0042\2024-10-23_0042_Selection_experiment_046.h5,False,True,340,340,Selection_experiment.py,150,True,True,True,1,189,1.0,26.5,30,46,0,2024-10-23 18:51:36.250101+02:00,2024-10-23 18:49:16+02:00,42,75.455,100,True,170,28,True
60,19.7,1,1,1,193.0,295.0,60.0,50.140625,49.4375,19.40625,42.5,320.9,316.4,124.2,1897.1519,2946.402,317.3037,False,260.0,1,0.5,80,28,108,22.0,114,29,114,28,False,73.9,25,100,100,300,73.02,100.1,1.0,16.0,20000.0,2.0,200.0,0.0,1.0,1.0,0.11,200.0,2.0,0.26000639999999997,5.0,20000.0,1.0,2.0,200.0,1.0,0.0,4.6000000000000005,4096.0,2304.0,4.6000000000000005,20000.0,100.0,2.0,200.0,0.0,100.0,1.0,1.0,0.260424,3.8398918686449792,7.2e-06,0.638888888888889,1.0,0.1,1.0,1.0,3.0,1.0,0.0,2.0,0.0009999999999999998,2.0,0.0,2.0,1.0,2.0,256.0,51248.0,916.0,2.0,1.0,-20.0,2308.0,100.0,2.0,792.0,100.0,2.0,5.0,0.0,3.0,0.0004104,2.88e-05,0.0,0.2604384,0.00042479999999999997,1.0,2.0,0.0,3.0,1.0,2.0,2.0,1.0,b'IMAGE',b'IMAGE_GRAYSCALE',b'1.2',0,Orca_Camera,False,tweez,0.09,1.5,0.432,15,True,74.94,24,110,True,False,73.7,74.6,20,0.5,10,40,10,10,0.09,0.377,0.43,0.9,35,Z:\Experiments\Sr\Selection_experiment\2024\10\23\0042\2024-10-23_0042_Selection_experiment_047.h5,abs,basler_abs,orca,2.5,0.1,209,28,F:\Experiments\Sr\Selection_experiment\2024\10\23\0042\2024-10-23_0042_Selection_experiment_047.h5,False,True,340,340,Selection_experiment.py,150,True,True,True,1,189,1.0,26.5,30,47,0,2024-10-23 18:51:38.718748+02:00,2024-10-23 18:49:16+02:00,42,75.455,100,True,170,28,True
60,19.7,1,1,1,171.0,245.0,80.0,39.78125,44.734375,15.984375,42.7,254.6,286.3,102.3,1393.5459,1934.32,299.73413,False,310.0,1,0.5,80,28,108,22.0,114,29,114,28,False,73.9,25,100,100,300,73.02,100.1,1.0,16.0,20000.0,2.0,200.0,0.0,1.0,1.0,0.11,200.0,2.0,0.3100032,5.0,20000.0,1.0,2.0,200.0,1.0,0.0,4.6000000000000005,4096.0,2304.0,4.6000000000000005,20000.0,100.0,2.0,200.0,0.0,100.0,1.0,1.0,0.3104208,3.2214336152732033,7.2e-06,0.638888888888889,1.0,0.1,1.0,1.0,3.0,1.0,0.0,2.0,0.0009999999999999998,2.0,0.0,2.0,1.0,2.0,256.0,51248.0,916.0,2.0,1.0,-20.0,2308.0,100.0,2.0,792.0,100.0,2.0,5.0,0.0,3.0,0.0004104,2.88e-05,0.0,0.3104352,0.00042479999999999997,1.0,2.0,0.0,3.0,1.0,2.0,2.0,1.0,b'IMAGE',b'IMAGE_GRAYSCALE',b'1.2',0,Orca_Camera,False,tweez,0.09,1.5,0.432,15,True,74.94,24,110,True,False,73.7,74.6,20,0.5,10,40,10,10,0.09,0.377,0.43,0.9,35,Z:\Experiments\Sr\Selection_experiment\2024\10\23\0042\2024-10-23_0042_Selection_experiment_048.h5,abs,basler_abs,orca,2.5,0.1,209,28,F:\Experiments\Sr\Selection_experiment\2024\10\23\0042\2024-10-23_0042_Selection_experiment_048.h5,False,True,340,340,Selection_experiment.py,150,True,True,True,1,189,1.0,26.5,30,48,0,2024-10-23 18:51:41.297072+02:00,2024-10-23 18:49:16+02:00,42,75.455,100,True,170,28,True
60,19.7,1,1,0,56.0,70.0,31.0,12.28125,15.53125,5.6875,13.7,78.6,99.4,36.4,232.51465,367.68652,80.05859,False,10.0,1,0.5,80,28,108,24.0,114,29,114,28,False,73.9,25,100,100,300,73.02,100.1,1.0,16.0,20000.0,2.0,200.0,0.0,1.0,1.0,0.11,200.0,2.0,0.010000799999999999,5.0,20000.0,1.0,2.0,200.0,1.0,0.0,4.6000000000000005,4096.0,2304.0,4.6000000000000005,20000.0,100.0,2.0,200.0,0.0,100.0,1.0,1.0,0.0104184,95.98402825769793,7.2e-06,0.638888888888889,1.0,0.1,1.0,1.0,3.0,1.0,0.0,2.0,0.0009999999999999998,2.0,0.0,2.0,1.0,2.0,256.0,51248.0,916.0,2.0,1.0,-20.0,2308.0,100.0,2.0,792.0,100.0,2.0,5.0,0.0,3.0,0.0004104,2.88e-05,0.0,0.010432799999999999,0.00042479999999999997,1.0,2.0,0.0,3.0,1.0,2.0,2.0,1.0,b'IMAGE',b'IMAGE_GRAYSCALE',b'1.2',0,Orca_Camera,False,tweez,0.09,1.5,0.432,15,True,74.94,24,110,True,False,73.7,74.6,20,0.5,10,40,10,10,0.09,0.377,0.43,0.9,35,Z:\Experiments\Sr\Selection_experiment\2024\10\23\0042\2024-10-23_0042_Selection_experiment_049.h5,abs,basler_abs,orca,2.5,0.1,209,28,F:\Experiments\Sr\Selection_experiment\2024\10\23\0042\2024-10-23_0042_Selection_experiment_049.h5,False,True,340,340,Selection_experiment.py,150,True,True,True,1,189,1.0,26.5,30,49,0,2024-10-23 18:51:44.247390+02:00,2024-10-23 18:49:16+02:00,42,75.455,100,True,170,28,True
60,19.7,1,1,1,173.0,152.0,63.0,45.75,35.125,18.125,14.6,292.8,224.8,116.0,1837.5625,1272.4219,312.01562,False,60.0,1,0.5,80,28,108,24.0,114,29,114,28,False,73.9,25,100,100,300,73.02,100.1,1.0,16.0,20000.0,2.0,200.0,0.0,1.0,1.0,0.11,200.0,2.0,0.0600048,5.0,20000.0,1.0,2.0,200.0,1.0,0.0,4.6000000000000005,4096.0,2304.0,4.6000000000000005,20000.0,100.0,2.0,200.0,0.0,100.0,1.0,1.0,0.060422399999999994,16.550153585425274,7.2e-06,0.638888888888889,1.0,0.1,1.0,1.0,3.0,1.0,0.0,2.0,0.0009999999999999998,2.0,0.0,2.0,1.0,2.0,256.0,51248.0,916.0,2.0,1.0,-20.0,2308.0,100.0,2.0,792.0,100.0,2.0,5.0,0.0,3.0,0.0004104,2.88e-05,0.0,0.06043679999999999,0.00042479999999999997,1.0,2.0,0.0,3.0,1.0,2.0,2.0,1.0,b'IMAGE',b'IMAGE_GRAYSCALE',b'1.2',0,Orca_Camera,False,tweez,0.09,1.5,0.432,15,True,74.94,24,110,True,False,73.7,74.6,20,0.5,10,40,10,10,0.09,0.377,0.43,0.9,35,Z:\Experiments\Sr\Selection_experiment\2024\10\23\0042\2024-10-23_0042_Selection_experiment_050.h5,abs,basler_abs,orca,2.5,0.1,209,28,F:\Experiments\Sr\Selection_experiment\2024\10\23\0042\2024-10-23_0042_Selection_experiment_050.h5,False,True,340,340,Selection_experiment.py,150,True,True,True,1,189,1.0,26.5,30,50,0,2024-10-23 18:51:46.641680+02:00,2024-10-23 18:49:16+02:00,42,75.455,100,True,170,28,True
60,19.7,1,1,1,167.0,160.0,62.0,35.203125,40.8125,14.65625,30.7,225.3,261.2,93.8,1466.318,1735.4648,197.63184,False,110.0,1,0.5,80,28,108,24.0,114,29,114,28,False,73.9,25,100,100,300,73.02,100.1,1.0,16.0,20000.0,2.0,200.0,0.0,1.0,1.0,0.11,200.0,2.0,0.11000159999999999,5.0,20000.0,1.0,2.0,200.0,1.0,0.0,4.6000000000000005,4096.0,2304.0,4.6000000000000005,20000.0,100.0,2.0,200.0,0.0,100.0,1.0,1.0,0.1104192,9.056395989103345,7.2e-06,0.638888888888889,1.0,0.1,1.0,1.0,3.0,1.0,0.0,2.0,0.0009999999999999998,2.0,0.0,2.0,1.0,2.0,256.0,51248.0,916.0,2.0,1.0,-20.0,2308.0,100.0,2.0,792.0,100.0,2.0,5.0,0.0,3.0,0.0004104,2.88e-05,0.0,0.11043359999999999,0.00042479999999999997,1.0,2.0,0.0,3.0,1.0,2.0,2.0,1.0,b'IMAGE',b'IMAGE_GRAYSCALE',b'1.2',0,Orca_Camera,False,tweez,0.09,1.5,0.432,15,True,74.94,24,110,True,False,73.7,74.6,20,0.5,10,40,10,10,0.09,0.377,0.43,0.9,35,Z:\Experiments\Sr\Selection_experiment\2024\10\23\0042\2024-10-23_0042_Selection_experiment_051.h5,abs,basler_abs,orca,2.5,0.1,209,28,F:\Experiments\Sr\Selection_experiment\2024\10\23\0042\2024-10-23_0042_Selection_experiment_051.h5,False,True,340,340,Selection_experiment.py,150,True,True,True,1,189,1.0,26.5,30,51,0,2024-10-23 18:51:48.971311+02:00,2024-10-23 18:49:16+02:00,42,75.455,100,True,170,28,True
60,19.7,1,1,1,317.0,188.0,100.0,49.5625,40.5625,19.125,33.5,317.2,259.6,122.4,2898.8083,1979.9023,463.45312,False,160.0,1,0.5,80,28,108,24.0,114,29,114,28,False,73.9,25,100,100,300,73.02,100.1,1.0,16.0,20000.0,2.0,200.0,0.0,1.0,1.0,0.11,200.0,2.0,0.1600056,5.0,20000.0,1.0,2.0,200.0,1.0,0.0,4.6000000000000005,4096.0,2304.0,4.6000000000000005,20000.0,100.0,2.0,200.0,0.0,100.0,1.0,1.0,0.1604232,6.233512359808308,7.2e-06,0.638888888888889,1.0,0.1,1.0,1.0,3.0,1.0,0.0,2.0,0.0009999999999999998,2.0,0.0,2.0,1.0,2.0,256.0,51248.0,916.0,2.0,1.0,-20.0,2308.0,100.0,2.0,792.0,100.0,2.0,5.0,0.0,3.0,0.0004104,2.88e-05,0.0,0.16043759999999999,0.00042479999999999997,1.0,2.0,0.0,3.0,1.0,2.0,2.0,1.0,b'IMAGE',b'IMAGE_GRAYSCALE',b'1.2',0,Orca_Camera,False,tweez,0.09,1.5,0.432,15,True,74.94,24,110,True,False,73.7,74.6,20,0.5,10,40,10,10,0.09,0.377,0.43,0.9,35,Z:\Experiments\Sr\Selection_experiment\2024\10\23\0042\2024-10-23_0042_Selection_experiment_052.h5,abs,basler_abs,orca,2.5,0.1,209,28,F:\Experiments\Sr\Selection_experiment\2024\10\23\0042\2024-10-23_0042_Selection_experiment_052.h5,False,True,340,340,Selection_experiment.py,150,True,True,True,1,189,1.0,26.5,30,52,0,2024-10-23 18:51:51.401364+02:00,2024-10-23 18:49:16+02:00,42,75.455,100,True,170,28,True
60,19.7,1,1,1,147.0,203.0,50.0,39.40625,44.921875,12.9375,31.4,252.2,287.5,82.8,1385.3975,1848.1346,168.90234,False,210.0,1,0.5,80,28,108,24.0,114,29,114,28,False,73.9,25,100,100,300,73.02,100.1,1.0,16.0,20000.0,2.0,200.0,0.0,1.0,1.0,0.11,200.0,2.0,0.21000239999999998,5.0,20000.0,1.0,2.0,200.0,1.0,0.0,4.6000000000000005,4096.0,2304.0,4.6000000000000005,20000.0,100.0,2.0,200.0,0.0,100.0,1.0,1.0,0.21042,4.7523999619808,7.2e-06,0.638888888888889,1.0,0.1,1.0,1.0,3.0,1.0,0.0,2.0,0.0009999999999999998,2.0,0.0,2.0,1.0,2.0,256.0,51248.0,916.0,2.0,1.0,-20.0,2308.0,100.0,2.0,792.0,100.0,2.0,5.0,0.0,3.0,0.0004104,2.88e-05,0.0,0.2104344,0.00042479999999999997,1.0,2.0,0.0,3.0,1.0,2.0,2.0,1.0,b'IMAGE',b'IMAGE_GRAYSCALE',b'1.2',0,Orca_Camera,False,tweez,0.09,1.5,0.432,15,True,74.94,24,110,True,False,73.7,74.6,20,0.5,10,40,10,10,0.09,0.377,0.43,0.9,35,Z:\Experiments\Sr\Selection_experiment\2024\10\23\0042\2024-10-23_0042_Selection_experiment_053.h5,abs,basler_abs,orca,2.5,0.1,209,28,F:\Experiments\Sr\Selection_experiment\2024\10\23\0042\2024-10-23_0042_Selection_experiment_053.h5,False,True,340,340,Selection_experiment.py,150,True,True,True,1,189,1.0,26.5,30,53,0,2024-10-23 18:51:53.810480+02:00,2024-10-23 18:49:16+02:00,42,75.455,100,True,170,28,True
60,19.7,1,1,1,206.0,189.0,52.0,45.203125,35.5625,11.453125,45.3,289.3,227.6,73.3,1795.9432,1263.1211,201.40405,False,260.0,1,0.5,80,28,108,24.0,114,29,114,28,False,73.9,25,100,100,300,73.02,100.1,1.0,16.0,20000.0,2.0,200.0,0.0,1.0,1.0,0.11,200.0,2.0,0.26000639999999997,5.0,20000.0,1.0,2.0,200.0,1.0,0.0,4.6000000000000005,4096.0,2304.0,4.6000000000000005,20000.0,100.0,2.0,200.0,0.0,100.0,1.0,1.0,0.260424,3.8398918686449792,7.2e-06,0.638888888888889,1.0,0.1,1.0,1.0,3.0,1.0,0.0,2.0,0.0009999999999999998,2.0,0.0,2.0,1.0,2.0,256.0,51248.0,916.0,2.0,1.0,-20.0,2308.0,100.0,2.0,792.0,100.0,2.0,5.0,0.0,3.0,0.0004104,2.88e-05,0.0,0.2604384,0.00042479999999999997,1.0,2.0,0.0,3.0,1.0,2.0,2.0,1.0,b'IMAGE',b'IMAGE_GRAYSCALE',b'1.2',0,Orca_Camera,False,tweez,0.09,1.5,0.432,15,True,74.94,24,110,True,False,73.7,74.6,20,0.5,10,40,10,10,0.09,0.377,0.43,0.9,35,Z:\Experiments\Sr\Selection_experiment\2024\10\23\0042\2024-10-23_0042_Selection_experiment_054.h5,abs,basler_abs,orca,2.5,0.1,209,28,F:\Experiments\Sr\Selection_experiment\2024\10\23\0042\2024-10-23_0042_Selection_experiment_054.h5,False,True,340,340,Selection_experiment.py,150,True,True,True,1,189,1.0,26.5,30,54,0,2024-10-23 18:51:56.267702+02:00,2024-10-23 18:49:16+02:00,42,75.455,100,True,170,28,True
60,19.7,1,1,1,197.0,377.0,92.0,40.953125,49.109375,20.75,41.9,262.1,314.3,132.8,1485.2009,3563.535,483.90625,False,310.0,1,0.5,80,28,108,24.0,114,29,114,28,False,73.9,25,100,100,300,73.02,100.1,1.0,16.0,20000.0,2.0,200.0,0.0,1.0,1.0,0.11,200.0,2.0,0.3100032,5.0,20000.0,1.0,2.0,200.0,1.0,0.0,4.6000000000000005,4096.0,2304.0,4.6000000000000005,20000.0,100.0,2.0,200.0,0.0,100.0,1.0,1.0,0.3104208,3.2214336152732033,7.2e-06,0.638888888888889,1.0,0.1,1.0,1.0,3.0,1.0,0.0,2.0,0.0009999999999999998,2.0,0.0,2.0,1.0,2.0,256.0,51248.0,916.0,2.0,1.0,-20.0,2308.0,100.0,2.0,792.0,100.0,2.0,5.0,0.0,3.0,0.0004104,2.88e-05,0.0,0.3104352,0.00042479999999999997,1.0,2.0,0.0,3.0,1.0,2.0,2.0,1.0,b'IMAGE',b'IMAGE_GRAYSCALE',b'1.2',0,Orca_Camera,False,tweez,0.09,1.5,0.432,15,True,74.94,24,110,True,False,73.7,74.6,20,0.5,10,40,10,10,0.09,0.377,0.43,0.9,35,Z:\Experiments\Sr\Selection_experiment\2024\10\23\0042\2024-10-23_0042_Selection_experiment_055.h5,abs,basler_abs,orca,2.5,0.1,209,28,F:\Experiments\Sr\Selection_experiment\2024\10\23\0042\2024-10-23_0042_Selection_experiment_055.h5,False,True,340,340,Selection_experiment.py,150,True,True,True,1,189,1.0,26.5,30,55,0,2024-10-23 18:51:59.224902+02:00,2024-10-23 18:49:16+02:00,42,75.455,100,True,170,28,True
60,19.7,1,1,0,74.0,80.0,35.0,19.375,17.203125,4.1875,14.5,124.0,110.1,26.8,292.45312,393.7556,74.37109,False,10.0,1,0.5,80,28,108,26.0,114,29,114,28,False,73.9,25,100,100,300,73.02,100.1,1.0,16.0,20000.0,2.0,200.0,0.0,1.0,1.0,0.11,200.0,2.0,0.010000799999999999,5.0,20000.0,1.0,2.0,200.0,1.0,0.0,4.6000000000000005,4096.0,2304.0,4.6000000000000005,20000.0,100.0,2.0,200.0,0.0,100.0,1.0,1.0,0.0104184,95.98402825769793,7.2e-06,0.638888888888889,1.0,0.1,1.0,1.0,3.0,1.0,0.0,2.0,0.0009999999999999998,2.0,0.0,2.0,1.0,2.0,256.0,51248.0,916.0,2.0,1.0,-20.0,2308.0,100.0,2.0,792.0,100.0,2.0,5.0,0.0,3.0,0.0004104,2.88e-05,0.0,0.010432799999999999,0.00042479999999999997,1.0,2.0,0.0,3.0,1.0,2.0,2.0,1.0,b'IMAGE',b'IMAGE_GRAYSCALE',b'1.2',0,Orca_Camera,False,tweez,0.09,1.5,0.432,15,True,74.94,24,110,True,False,73.7,74.6,20,0.5,10,40,10,10,0.09,0.377,0.43,0.9,35,Z:\Experiments\Sr\Selection_experiment\2024\10\23\0042\2024-10-23_0042_Selection_experiment_056.h5,abs,basler_abs,orca,2.5,0.1,209,28,F:\Experiments\Sr\Selection_experiment\2024\10\23\0042\2024-10-23_0042_Selection_experiment_056.h5,False,True,340,340,Selection_experiment.py,150,True,True,True,1,189,1.0,26.5,30,56,0,2024-10-23 18:52:02.168159+02:00,2024-10-23 18:49:16+02:00,42,75.455,100,True,170,28,True
60,19.7,1,1,1,178.0,183.0,67.0,39.46875,36.65625,13.0625,24.0,252.6,234.6,83.6,2005.1864,1462.0067,206.3711,False,60.0,1,0.5,80,28,108,26.0,114,29,114,28,False,73.9,25,100,100,300,73.02,100.1,1.0,16.0,20000.0,2.0,200.0,0.0,1.0,1.0,0.11,200.0,2.0,0.0600048,5.0,20000.0,1.0,2.0,200.0,1.0,0.0,4.6000000000000005,4096.0,2304.0,4.6000000000000005,20000.0,100.0,2.0,200.0,0.0,100.0,1.0,1.0,0.060422399999999994,16.550153585425274,7.2e-06,0.638888888888889,1.0,0.1,1.0,1.0,3.0,1.0,0.0,2.0,0.0009999999999999998,2.0,0.0,2.0,1.0,2.0,256.0,51248.0,916.0,2.0,1.0,-20.0,2308.0,100.0,2.0,792.0,100.0,2.0,5.0,0.0,3.0,0.0004104,2.88e-05,0.0,0.06043679999999999,0.00042479999999999997,1.0,2.0,0.0,3.0,1.0,2.0,2.0,1.0,b'IMAGE',b'IMAGE_GRAYSCALE',b'1.2',0,Orca_Camera,False,tweez,0.09,1.5,0.432,15,True,74.94,24,110,True,False,73.7,74.6,20,0.5,10,40,10,10,0.09,0.377,0.43,0.9,35,Z:\Experiments\Sr\Selection_experiment\2024\10\23\0042\2024-10-23_0042_Selection_experiment_057.h5,abs,basler_abs,orca,2.5,0.1,209,28,F:\Experiments\Sr\Selection_experiment\2024\10\23\0042\2024-10-23_0042_Selection_experiment_057.h5,False,True,340,340,Selection_experiment.py,150,True,True,True,1,189,1.0,26.5,30,57,0,2024-10-23 18:52:04.589876+02:00,2024-10-23 18:49:16+02:00,42,75.455,100,True,170,28,True
60,19.7,1,1,1,177.0,236.0,66.0,40.421875,42.5625,17.34375,28.7,258.7,272.4,111.0,1568.65,1958.3086,347.9756,False,110.0,1,0.5,80,28,108,26.0,114,29,114,28,False,73.9,25,100,100,300,73.02,100.1,1.0,16.0,20000.0,2.0,200.0,0.0,1.0,1.0,0.11,200.0,2.0,0.11000159999999999,5.0,20000.0,1.0,2.0,200.0,1.0,0.0,4.6000000000000005,4096.0,2304.0,4.6000000000000005,20000.0,100.0,2.0,200.0,0.0,100.0,1.0,1.0,0.1104192,9.056395989103345,7.2e-06,0.638888888888889,1.0,0.1,1.0,1.0,3.0,1.0,0.0,2.0,0.0009999999999999998,2.0,0.0,2.0,1.0,2.0,256.0,51248.0,916.0,2.0,1.0,-20.0,2308.0,100.0,2.0,792.0,100.0,2.0,5.0,0.0,3.0,0.0004104,2.88e-05,0.0,0.11043359999999999,0.00042479999999999997,1.0,2.0,0.0,3.0,1.0,2.0,2.0,1.0,b'IMAGE',b'IMAGE_GRAYSCALE',b'1.2',0,Orca_Camera,False,tweez,0.09,1.5,0.432,15,True,74.94,24,110,True,False,73.7,74.6,20,0.5,10,40,10,10,0.09,0.377,0.43,0.9,35,Z:\Experiments\Sr\Selection_experiment\2024\10\23\0042\2024-10-23_0042_Selection_experiment_058.h5,abs,basler_abs,orca,2.5,0.1,209,28,F:\Experiments\Sr\Selection_experiment\2024\10\23\0042\2024-10-23_0042_Selection_experiment_058.h5,False,True,340,340,Selection_experiment.py,150,True,True,True,1,189,1.0,26.5,30,58,0,2024-10-23 18:52:06.983809+02:00,2024-10-23 18:49:16+02:00,42,75.455,100,True,170,28,True
60,19.7,1,1,1,236.0,177.0,60.0,47.125,37.28125,18.4375,37.4,301.6,238.6,118.0,1730.3906,1284.7646,279.6836,False,160.0,1,0.5,80,28,108,26.0,114,29,114,28,False,73.9,25,100,100,300,73.02,100.1,1.0,16.0,20000.0,2.0,200.0,0.0,1.0,1.0,0.11,200.0,2.0,0.1600056,5.0,20000.0,1.0,2.0,200.0,1.0,0.0,4.6000000000000005,4096.0,2304.0,4.6000000000000005,20000.0,100.0,2.0,200.0,0.0,100.0,1.0,1.0,0.1604232,6.233512359808308,7.2e-06,0.638888888888889,1.0,0.1,1.0,1.0,3.0,1.0,0.0,2.0,0.0009999999999999998,2.0,0.0,2.0,1.0,2.0,256.0,51248.0,916.0,2.0,1.0,-20.0,2308.0,100.0,2.0,792.0,100.0,2.0,5.0,0.0,3.0,0.0004104,2.88e-05,0.0,0.16043759999999999,0.00042479999999999997,1.0,2.0,0.0,3.0,1.0,2.0,2.0,1.0,b'IMAGE',b'IMAGE_GRAYSCALE',b'1.2',0,Orca_Camera,False,tweez,0.09,1.5,0.432,15,True,74.94,24,110,True,False,73.7,74.6,20,0.5,10,40,10,10,0.09,0.377,0.43,0.9,35,Z:\Experiments\Sr\Selection_experiment\2024\10\23\0042\2024-10-23_0042_Selection_experiment_059.h5,abs,basler_abs,orca,2.5,0.1,209,28,F:\Experiments\Sr\Selection_experiment\2024\10\23\0042\2024-10-23_0042_Selection_experiment_059.h5,False,True,340,340,Selection_experiment.py,150,True,True,True,1,189,1.0,26.5,30,59,0,2024-10-23 18:52:09.404688+02:00,2024-10-23 18:49:16+02:00,42,75.455,100,True,170,28,True
60,19.7,1,1,1,179.0,208.0,99.0,48.875,43.953125,15.640625,36.0,312.8,281.3,100.1,1862.9219,1887.4197,323.60522,False,210.0,1,0.5,80,28,108,26.0,114,29,114,28,False,73.9,25,100,100,300,73.02,100.1,1.0,16.0,20000.0,2.0,200.0,0.0,1.0,1.0,0.11,200.0,2.0,0.21000239999999998,5.0,20000.0,1.0,2.0,200.0,1.0,0.0,4.6000000000000005,4096.0,2304.0,4.6000000000000005,20000.0,100.0,2.0,200.0,0.0,100.0,1.0,1.0,0.21042,4.7523999619808,7.2e-06,0.638888888888889,1.0,0.1,1.0,1.0,3.0,1.0,0.0,2.0,0.0009999999999999998,2.0,0.0,2.0,1.0,2.0,256.0,51248.0,916.0,2.0,1.0,-20.0,2308.0,100.0,2.0,792.0,100.0,2.0,5.0,0.0,3.0,0.0004104,2.88e-05,0.0,0.2104344,0.00042479999999999997,1.0,2.0,0.0,3.0,1.0,2.0,2.0,1.0,b'IMAGE',b'IMAGE_GRAYSCALE',b'1.2',0,Orca_Camera,False,tweez,0.09,1.5,0.432,15,True,74.94,24,110,True,False,73.7,74.6,20,0.5,10,40,10,10,0.09,0.377,0.43,0.9,35,Z:\Experiments\Sr\Selection_experiment\2024\10\23\0042\2024-10-23_0042_Selection_experiment_060.h5,abs,basler_abs,orca,2.5,0.1,209,28,F:\Experiments\Sr\Selection_experiment\2024\10\23\0042\2024-10-23_0042_Selection_experiment_060.h5,False,True,340,340,Selection_experiment.py,150,True,True,True,1,189,1.0,26.5,30,60,0,2024-10-23 18:52:11.814844+02:00,2024-10-23 18:49:16+02:00,42,75.455,100,True,170,28,True
60,19.7,1,1,1,177.0,264.0,59.0,46.40625,51.09375,20.609375,34.6,297.0,327.0,131.9,1613.5848,2348.71,306.1443,False,260.0,1,0.5,80,28,108,26.0,114,29,114,28,False,73.9,25,100,100,300,73.02,100.1,1.0,16.0,20000.0,2.0,200.0,0.0,1.0,1.0,0.11,200.0,2.0,0.26000639999999997,5.0,20000.0,1.0,2.0,200.0,1.0,0.0,4.6000000000000005,4096.0,2304.0,4.6000000000000005,20000.0,100.0,2.0,200.0,0.0,100.0,1.0,1.0,0.260424,3.8398918686449792,7.2e-06,0.638888888888889,1.0,0.1,1.0,1.0,3.0,1.0,0.0,2.0,0.0009999999999999998,2.0,0.0,2.0,1.0,2.0,256.0,51248.0,916.0,2.0,1.0,-20.0,2308.0,100.0,2.0,792.0,100.0,2.0,5.0,0.0,3.0,0.0004104,2.88e-05,0.0,0.2604384,0.00042479999999999997,1.0,2.0,0.0,3.0,1.0,2.0,2.0,1.0,b'IMAGE',b'IMAGE_GRAYSCALE',b'1.2',0,Orca_Camera,False,tweez,0.09,1.5,0.432,15,True,74.94,24,110,True,False,73.7,74.6,20,0.5,10,40,10,10,0.09,0.377,0.43,0.9,35,Z:\Experiments\Sr\Selection_experiment\2024\10\23\0042\2024-10-23_0042_Selection_experiment_061.h5,abs,basler_abs,orca,2.5,0.1,209,28,F:\Experiments\Sr\Selection_experiment\2024\10\23\0042\2024-10-23_0042_Selection_experiment_061.h5,False,True,340,340,Selection_experiment.py,150,True,True,True,1,189,1.0,26.5,30,61,0,2024-10-23 18:52:14.163445+02:00,2024-10-23 18:49:16+02:00,42,75.455,100,True,170,28,True
